0.jpg,0
1.jpg,0
2.jpg,0
3.jpg,0
4.jpg,0
5.jpg,0
6.jpg,0
7.jpg,0
8.jpg,0
9.jpg,0
10.jpg,0
11.jpg,0
12.jpg,0
13.jpg,0
14.jpg,0
15.jpg,0
16.jpg,0
17.jpg,0
18.jpg,0
19.jpg,0
20.jpg,0
21.jpg,0
22.jpg,0
23.jpg,0
24.jpg,0
25.jpg,0
26.jpg,0
27.jpg,0
28.jpg,0
29.jpg,0
30.jpg,0
31.jpg,0
32.jpg,0
33.jpg,0
34.jpg,0
35.jpg,0
36.jpg,0
37.jpg,0
38.jpg,0
39.jpg,0
40.jpg,0
41.jpg,0
42.jpg,0
43.jpg,0
44.jpg,0
45.jpg,0
46.jpg,0
47.jpg,0
48.jpg,0
49.jpg,0
50.jpg,0
51.jpg,0
52.jpg,0
53.jpg,0
54.jpg,0
55.jpg,0
56.jpg,0
57.jpg,0
58.jpg,0
59.jpg,0
60.jpg,0
61.jpg,0
62.jpg,0
63.jpg,0
64.jpg,0
65.jpg,0
66.jpg,0
67.jpg,0
68.jpg,0
69.jpg,0
70.jpg,0
71.jpg,0
72.jpg,0
73.jpg,0
74.jpg,0
75.jpg,0
76.jpg,0
77.jpg,0
78.jpg,0
79.jpg,0
80.jpg,0
81.jpg,0
82.jpg,0
83.jpg,0
84.jpg,0
85.jpg,0
86.jpg,0
87.jpg,0
88.jpg,0
89.jpg,0
90.jpg,0
91.jpg,0
92.jpg,0
93.jpg,0
94.jpg,0
95.jpg,0
96.jpg,0
97.jpg,0
98.jpg,0
99.jpg,0
100.jpg,0
101.jpg,0
102.jpg,0
103.jpg,0
104.jpg,0
105.jpg,0
106.jpg,0
107.jpg,0
108.jpg,0
109.jpg,0
110.jpg,0
111.jpg,0
112.jpg,0
113.jpg,0
114.jpg,0
115.jpg,0
116.jpg,0
117.jpg,0
118.jpg,0
119.jpg,0
120.jpg,0
121.jpg,0
122.jpg,0
123.jpg,0
124.jpg,0
125.jpg,0
126.jpg,0
127.jpg,0
128.jpg,0
129.jpg,0
130.jpg,0
131.jpg,0
132.jpg,0
133.jpg,0
134.jpg,0
135.jpg,0
136.jpg,0
137.jpg,0
138.jpg,0
139.jpg,0
140.jpg,0
141.jpg,0
142.jpg,0
143.jpg,0
144.jpg,0
145.jpg,0
146.jpg,0
147.jpg,0
148.jpg,0
149.jpg,0
150.jpg,0
151.jpg,0
152.jpg,0
153.jpg,0
154.jpg,0
155.jpg,0
156.jpg,0
157.jpg,0
158.jpg,0
159.jpg,0
160.jpg,0
161.jpg,0
162.jpg,0
163.jpg,0
164.jpg,0
165.jpg,0
166.jpg,0
167.jpg,0
168.jpg,0
169.jpg,0
170.jpg,0
171.jpg,0
172.jpg,0
173.jpg,0
174.jpg,0
175.jpg,0
176.jpg,0
177.jpg,0
178.jpg,0
179.jpg,0
180.jpg,0
181.jpg,0
182.jpg,0
183.jpg,0
184.jpg,0
185.jpg,0
186.jpg,0
187.jpg,0
188.jpg,0
189.jpg,0
190.jpg,0
191.jpg,0
192.jpg,0
193.jpg,0
194.jpg,0
195.jpg,0
196.jpg,0
197.jpg,0
198.jpg,0
199.jpg,0
200.jpg,0
201.jpg,0
202.jpg,0
203.jpg,0
204.jpg,0
205.jpg,0
206.jpg,0
207.jpg,0
208.jpg,0
209.jpg,0
210.jpg,0
211.jpg,0
212.jpg,0
213.jpg,0
214.jpg,0
215.jpg,0
216.jpg,0
217.jpg,0
218.jpg,0
219.jpg,0
220.jpg,0
221.jpg,0
222.jpg,0
223.jpg,0
224.jpg,0
225.jpg,0
226.jpg,0
227.jpg,0
228.jpg,0
229.jpg,0
230.jpg,0
231.jpg,0
232.jpg,0
233.jpg,0
234.jpg,0
235.jpg,0
236.jpg,0
237.jpg,0
238.jpg,0
239.jpg,0
240.jpg,0
241.jpg,0
242.jpg,0
243.jpg,0
244.jpg,0
245.jpg,0
246.jpg,0
247.jpg,0
248.jpg,0
249.jpg,0
250.jpg,0
251.jpg,0
252.jpg,0
253.jpg,0
254.jpg,0
255.jpg,0
256.jpg,0
257.jpg,0
258.jpg,0
259.jpg,0
260.jpg,0
261.jpg,0
262.jpg,0
263.jpg,0
264.jpg,0
265.jpg,0
266.jpg,0
267.jpg,0
268.jpg,0
269.jpg,0
270.jpg,0
271.jpg,0
272.jpg,0
273.jpg,0
274.jpg,0
275.jpg,0
276.jpg,0
277.jpg,0
278.jpg,0
279.jpg,0
280.jpg,0
281.jpg,0
282.jpg,0
283.jpg,0
284.jpg,0
285.jpg,0
286.jpg,0
287.jpg,0
288.jpg,0
289.jpg,0
290.jpg,0
291.jpg,0
292.jpg,0
293.jpg,0
294.jpg,0
295.jpg,0
296.jpg,0
297.jpg,0
298.jpg,0
299.jpg,0
300.jpg,0
301.jpg,0
302.jpg,0
303.jpg,0
304.jpg,0
305.jpg,0
306.jpg,0
307.jpg,0
308.jpg,0
309.jpg,0
310.jpg,0
311.jpg,0
312.jpg,0
313.jpg,0
314.jpg,0
315.jpg,0
316.jpg,0
317.jpg,0
318.jpg,0
319.jpg,0
320.jpg,0
321.jpg,0
322.jpg,0
323.jpg,0
324.jpg,0
325.jpg,0
326.jpg,0
327.jpg,0
328.jpg,0
329.jpg,0
330.jpg,0
331.jpg,0
332.jpg,0
333.jpg,0
334.jpg,0
335.jpg,0
336.jpg,0
337.jpg,0
338.jpg,0
339.jpg,0
340.jpg,0
341.jpg,0
342.jpg,0
343.jpg,0
344.jpg,0
345.jpg,0
346.jpg,0
347.jpg,0
348.jpg,0
349.jpg,0
350.jpg,0
351.jpg,0
352.jpg,0
353.jpg,0
354.jpg,0
355.jpg,0
356.jpg,0
357.jpg,0
358.jpg,0
359.jpg,0
360.jpg,0
361.jpg,0
362.jpg,0
363.jpg,0
364.jpg,0
365.jpg,0
366.jpg,0
367.jpg,0
368.jpg,0
369.jpg,0
370.jpg,0
371.jpg,0
372.jpg,0
373.jpg,0
374.jpg,0
375.jpg,0
376.jpg,0
377.jpg,0
378.jpg,0
379.jpg,0
380.jpg,0
381.jpg,0
382.jpg,0
383.jpg,0
384.jpg,0
385.jpg,0
386.jpg,0
387.jpg,0
388.jpg,0
389.jpg,0
390.jpg,0
391.jpg,0
392.jpg,0
393.jpg,0
394.jpg,0
395.jpg,0
396.jpg,0
397.jpg,0
398.jpg,0
399.jpg,0
400.jpg,0
401.jpg,0
402.jpg,0
403.jpg,0
404.jpg,0
405.jpg,0
406.jpg,0
407.jpg,0
408.jpg,0
409.jpg,0
410.jpg,0
411.jpg,0
412.jpg,0
413.jpg,0
414.jpg,0
415.jpg,0
416.jpg,0
417.jpg,0
418.jpg,0
419.jpg,0
420.jpg,0
421.jpg,0
422.jpg,0
423.jpg,0
424.jpg,0
425.jpg,0
426.jpg,0
427.jpg,0
428.jpg,0
429.jpg,0
430.jpg,0
431.jpg,0
432.jpg,0
433.jpg,0
434.jpg,0
435.jpg,1
436.jpg,1
437.jpg,1
438.jpg,1
439.jpg,1
440.jpg,1
441.jpg,1
442.jpg,1
443.jpg,1
444.jpg,1
445.jpg,1
446.jpg,1
447.jpg,1
448.jpg,1
449.jpg,1
450.jpg,1
451.jpg,1
452.jpg,1
453.jpg,1
454.jpg,1
455.jpg,1
456.jpg,1
457.jpg,1
458.jpg,1
459.jpg,1
460.jpg,1
461.jpg,1
462.jpg,1
463.jpg,1
464.jpg,1
465.jpg,1
466.jpg,1
467.jpg,1
468.jpg,1
469.jpg,1
470.jpg,1
471.jpg,1
472.jpg,1
473.jpg,1
474.jpg,1
475.jpg,1
476.jpg,1
477.jpg,1
478.jpg,1
479.jpg,1
480.jpg,1
481.jpg,1
482.jpg,1
483.jpg,1
484.jpg,1
485.jpg,1
486.jpg,1
487.jpg,1
488.jpg,1
489.jpg,1
490.jpg,1
491.jpg,1
492.jpg,1
493.jpg,1
494.jpg,1
495.jpg,1
496.jpg,1
497.jpg,1
498.jpg,1
499.jpg,1
500.jpg,1
501.jpg,1
502.jpg,1
503.jpg,1
504.jpg,1
505.jpg,1
506.jpg,1
507.jpg,1
508.jpg,1
509.jpg,1
510.jpg,1
511.jpg,1
512.jpg,1
513.jpg,1
514.jpg,1
515.jpg,1
516.jpg,1
517.jpg,1
518.jpg,1
519.jpg,1
520.jpg,1
521.jpg,1
522.jpg,1
523.jpg,1
524.jpg,1
525.jpg,1
526.jpg,1
527.jpg,1
528.jpg,1
529.jpg,1
530.jpg,1
531.jpg,1
532.jpg,1
533.jpg,1
534.jpg,1
535.jpg,1
536.jpg,1
537.jpg,1
538.jpg,1
539.jpg,1
540.jpg,1
541.jpg,1
542.jpg,1
543.jpg,1
544.jpg,1
545.jpg,1
546.jpg,1
547.jpg,1
548.jpg,1
549.jpg,1
550.jpg,1
551.jpg,1
552.jpg,1
553.jpg,1
554.jpg,1
555.jpg,1
556.jpg,1
557.jpg,1
558.jpg,1
559.jpg,1
560.jpg,1
561.jpg,1
562.jpg,1
563.jpg,1
564.jpg,1
565.jpg,1
566.jpg,1
567.jpg,1
568.jpg,1
569.jpg,1
570.jpg,1
571.jpg,1
572.jpg,1
573.jpg,1
574.jpg,1
575.jpg,1
576.jpg,1
577.jpg,1
578.jpg,1
579.jpg,1
580.jpg,1
581.jpg,1
582.jpg,1
583.jpg,1
584.jpg,1
585.jpg,1
586.jpg,1
587.jpg,1
588.jpg,1
589.jpg,1
590.jpg,1
591.jpg,1
592.jpg,1
593.jpg,1
594.jpg,1
595.jpg,1
596.jpg,1
597.jpg,1
598.jpg,1
599.jpg,1
600.jpg,1
601.jpg,1
602.jpg,1
603.jpg,1
604.jpg,1
605.jpg,1
606.jpg,1
607.jpg,1
608.jpg,1
609.jpg,1
610.jpg,1
611.jpg,1
612.jpg,1
613.jpg,1
614.jpg,1
615.jpg,1
616.jpg,1
617.jpg,1
618.jpg,1
619.jpg,1
620.jpg,1
621.jpg,1
622.jpg,1
623.jpg,1
624.jpg,1
625.jpg,1
626.jpg,1
627.jpg,1
628.jpg,1
629.jpg,1
630.jpg,1
631.jpg,1
632.jpg,1
633.jpg,1
634.jpg,1
635.jpg,1
636.jpg,1
637.jpg,1
638.jpg,1
639.jpg,1
640.jpg,1
641.jpg,1
642.jpg,1
643.jpg,1
644.jpg,1
645.jpg,1
646.jpg,1
647.jpg,1
648.jpg,1
649.jpg,1
650.jpg,1
651.jpg,1
652.jpg,1
653.jpg,1
654.jpg,1
655.jpg,1
656.jpg,1
657.jpg,1
658.jpg,1
659.jpg,1
660.jpg,1
661.jpg,1
662.jpg,1
663.jpg,1
664.jpg,1
665.jpg,1
666.jpg,1
667.jpg,1
668.jpg,1
669.jpg,1
670.jpg,1
671.jpg,1
672.jpg,1
673.jpg,1
674.jpg,1
675.jpg,1
676.jpg,1
677.jpg,1
678.jpg,1
679.jpg,1
680.jpg,1
681.jpg,1
682.jpg,1
683.jpg,1
684.jpg,1
685.jpg,1
686.jpg,1
687.jpg,1
688.jpg,1
689.jpg,1
690.jpg,1
691.jpg,1
692.jpg,1
693.jpg,1
694.jpg,1
695.jpg,1
696.jpg,1
697.jpg,1
698.jpg,1
699.jpg,1
700.jpg,1
701.jpg,1
702.jpg,1
703.jpg,1
704.jpg,1
705.jpg,1
706.jpg,1
707.jpg,1
708.jpg,1
709.jpg,1
710.jpg,1
711.jpg,1
712.jpg,1
713.jpg,1
714.jpg,1
715.jpg,1
716.jpg,1
717.jpg,1
718.jpg,1
719.jpg,1
720.jpg,1
721.jpg,1
722.jpg,1
723.jpg,1
724.jpg,1
725.jpg,1
726.jpg,1
727.jpg,1
728.jpg,1
729.jpg,1
730.jpg,1
731.jpg,1
732.jpg,1
733.jpg,1
734.jpg,1
735.jpg,1
736.jpg,1
737.jpg,1
738.jpg,1
739.jpg,1
740.jpg,1
741.jpg,1
742.jpg,1
743.jpg,1
744.jpg,1
745.jpg,1
746.jpg,1
747.jpg,1
748.jpg,1
749.jpg,1
750.jpg,1
751.jpg,1
752.jpg,1
753.jpg,1
754.jpg,1
755.jpg,1
756.jpg,1
757.jpg,1
758.jpg,1
759.jpg,1
760.jpg,1
761.jpg,1
762.jpg,1
763.jpg,1
764.jpg,1
765.jpg,1
766.jpg,1
767.jpg,1
768.jpg,1
769.jpg,1
770.jpg,1
771.jpg,1
772.jpg,1
773.jpg,1
774.jpg,1
775.jpg,1
776.jpg,1
777.jpg,1
778.jpg,1
779.jpg,1
780.jpg,1
781.jpg,1
782.jpg,1
783.jpg,1
784.jpg,1
785.jpg,1
786.jpg,1
787.jpg,1
788.jpg,1
789.jpg,1
790.jpg,1
791.jpg,1
792.jpg,1
793.jpg,1
794.jpg,1
795.jpg,1
796.jpg,1
797.jpg,1
798.jpg,1
799.jpg,1
800.jpg,1
801.jpg,1
802.jpg,1
803.jpg,1
804.jpg,1
805.jpg,1
806.jpg,1
807.jpg,1
808.jpg,1
809.jpg,1
810.jpg,1
811.jpg,1
812.jpg,1
813.jpg,1
814.jpg,1
815.jpg,1
816.jpg,1
817.jpg,1
818.jpg,1
819.jpg,1
820.jpg,1
821.jpg,1
822.jpg,1
823.jpg,1
824.jpg,1
825.jpg,1
826.jpg,1
827.jpg,1
828.jpg,1
829.jpg,1
830.jpg,1
831.jpg,1
832.jpg,1
833.jpg,1
834.jpg,1
835.jpg,1
836.jpg,1
837.jpg,1
838.jpg,1
839.jpg,1
840.jpg,1
841.jpg,1
842.jpg,1
843.jpg,1
844.jpg,1
845.jpg,1
846.jpg,1
847.jpg,1
848.jpg,1
849.jpg,1
850.jpg,1
851.jpg,1
852.jpg,1
853.jpg,1
854.jpg,1
855.jpg,1
856.jpg,1
857.jpg,1
858.jpg,1
859.jpg,1
860.jpg,1
861.jpg,1
862.jpg,1
863.jpg,1
864.jpg,1
865.jpg,1
866.jpg,1
867.jpg,1
868.jpg,1
869.jpg,1
870.jpg,1
871.jpg,1
872.jpg,1
873.jpg,1
874.jpg,1
875.jpg,1
876.jpg,1
877.jpg,1
878.jpg,1
879.jpg,1
880.jpg,1
881.jpg,1
882.jpg,1
883.jpg,1
884.jpg,1
885.jpg,1
886.jpg,1
887.jpg,1
888.jpg,1
889.jpg,1
890.jpg,1
891.jpg,1
892.jpg,1
893.jpg,1
894.jpg,1
895.jpg,1
896.jpg,1
897.jpg,1
898.jpg,1
899.jpg,1
900.jpg,1
901.jpg,1
902.jpg,1
903.jpg,1
904.jpg,1
905.jpg,1
906.jpg,1
907.jpg,1
908.jpg,1
909.jpg,1
910.jpg,1
911.jpg,1
912.jpg,1
913.jpg,1
914.jpg,1
915.jpg,1
916.jpg,1
917.jpg,1
918.jpg,1
919.jpg,1
920.jpg,1
921.jpg,1
922.jpg,1
923.jpg,1
924.jpg,1
925.jpg,1
926.jpg,1
927.jpg,1
928.jpg,1
929.jpg,1
930.jpg,1
931.jpg,1
932.jpg,1
933.jpg,1
934.jpg,1
935.jpg,1
936.jpg,1
937.jpg,1
938.jpg,1
939.jpg,1
940.jpg,1
941.jpg,1
942.jpg,1
943.jpg,1
944.jpg,1
945.jpg,1
946.jpg,1
947.jpg,1
948.jpg,1
949.jpg,1
950.jpg,1
951.jpg,1
952.jpg,1
953.jpg,1
954.jpg,1
955.jpg,1
956.jpg,1
957.jpg,1
958.jpg,2
959.jpg,2
960.jpg,2
961.jpg,2
962.jpg,2
963.jpg,2
964.jpg,2
965.jpg,2
966.jpg,2
967.jpg,2
968.jpg,2
969.jpg,2
970.jpg,2
971.jpg,2
972.jpg,2
973.jpg,2
974.jpg,2
975.jpg,2
976.jpg,2
977.jpg,2
978.jpg,2
979.jpg,2
980.jpg,2
981.jpg,2
982.jpg,2
983.jpg,2
984.jpg,2
985.jpg,2
986.jpg,2
987.jpg,2
988.jpg,2
989.jpg,2
990.jpg,2
991.jpg,2
992.jpg,2
993.jpg,2
994.jpg,2
995.jpg,2
996.jpg,2
997.jpg,2
998.jpg,2
999.jpg,2
1000.jpg,2
1001.jpg,2
1002.jpg,2
1003.jpg,2
1004.jpg,2
1005.jpg,2
1006.jpg,2
1007.jpg,2
1008.jpg,2
1009.jpg,2
1010.jpg,2
1011.jpg,2
1012.jpg,2
1013.jpg,2
1014.jpg,2
1015.jpg,2
1016.jpg,2
1017.jpg,2
1018.jpg,2
1019.jpg,2
1020.jpg,2
1021.jpg,2
1022.jpg,2
1023.jpg,2
1024.jpg,2
1025.jpg,2
1026.jpg,2
1027.jpg,2
1028.jpg,2
1029.jpg,2
1030.jpg,2
1031.jpg,2
1032.jpg,2
1033.jpg,2
1034.jpg,2
1035.jpg,2
1036.jpg,2
1037.jpg,2
1038.jpg,2
1039.jpg,2
1040.jpg,2
1041.jpg,2
1042.jpg,2
1043.jpg,2
1044.jpg,2
1045.jpg,2
1046.jpg,2
1047.jpg,2
1048.jpg,2
1049.jpg,2
1050.jpg,2
1051.jpg,2
1052.jpg,2
1053.jpg,2
1054.jpg,2
1055.jpg,2
1056.jpg,2
1057.jpg,2
1058.jpg,2
1059.jpg,2
1060.jpg,2
1061.jpg,2
1062.jpg,2
1063.jpg,2
1064.jpg,2
1065.jpg,2
1066.jpg,2
1067.jpg,2
1068.jpg,2
1069.jpg,2
1070.jpg,2
1071.jpg,2
1072.jpg,2
1073.jpg,2
1074.jpg,2
1075.jpg,2
1076.jpg,2
1077.jpg,2
1078.jpg,2
1079.jpg,2
1080.jpg,2
1081.jpg,2
1082.jpg,2
1083.jpg,2
1084.jpg,2
1085.jpg,2
1086.jpg,2
1087.jpg,2
1088.jpg,2
1089.jpg,2
1090.jpg,2
1091.jpg,2
1092.jpg,2
1093.jpg,2
1094.jpg,2
1095.jpg,2
1096.jpg,2
1097.jpg,2
1098.jpg,2
1099.jpg,2
1100.jpg,2
1101.jpg,2
1102.jpg,2
1103.jpg,2
1104.jpg,2
1105.jpg,2
1106.jpg,2
1107.jpg,2
1108.jpg,2
1109.jpg,2
1110.jpg,2
1111.jpg,2
1112.jpg,2
1113.jpg,2
1114.jpg,2
1115.jpg,2
1116.jpg,2
1117.jpg,2
1118.jpg,2
1119.jpg,2
1120.jpg,2
1121.jpg,2
1122.jpg,2
1123.jpg,2
1124.jpg,2
1125.jpg,2
1126.jpg,2
1127.jpg,2
1128.jpg,2
1129.jpg,2
1130.jpg,2
1131.jpg,2
1132.jpg,2
1133.jpg,2
1134.jpg,2
1135.jpg,2
1136.jpg,2
1137.jpg,2
1138.jpg,2
1139.jpg,2
1140.jpg,2
1141.jpg,2
1142.jpg,2
1143.jpg,2
1144.jpg,2
1145.jpg,2
1146.jpg,2
1147.jpg,2
1148.jpg,2
1149.jpg,2
1150.jpg,2
1151.jpg,2
1152.jpg,2
1153.jpg,2
1154.jpg,2
1155.jpg,2
1156.jpg,2
1157.jpg,2
1158.jpg,2
1159.jpg,2
1160.jpg,2
1161.jpg,2
1162.jpg,2
1163.jpg,2
1164.jpg,2
1165.jpg,2
1166.jpg,2
1167.jpg,2
1168.jpg,2
1169.jpg,2
1170.jpg,2
1171.jpg,2
1172.jpg,2
1173.jpg,2
1174.jpg,2
1175.jpg,2
1176.jpg,2
1177.jpg,2
1178.jpg,2
1179.jpg,2
1180.jpg,2
1181.jpg,2
1182.jpg,2
1183.jpg,2
1184.jpg,2
1185.jpg,2
1186.jpg,2
1187.jpg,2
1188.jpg,2
1189.jpg,2
1190.jpg,2
1191.jpg,2
1192.jpg,2
1193.jpg,2
1194.jpg,2
1195.jpg,2
1196.jpg,2
1197.jpg,2
1198.jpg,2
1199.jpg,2
1200.jpg,2
1201.jpg,2
1202.jpg,2
1203.jpg,2
1204.jpg,2
1205.jpg,2
1206.jpg,2
1207.jpg,2
1208.jpg,2
1209.jpg,2
1210.jpg,2
1211.jpg,2
1212.jpg,2
1213.jpg,2
1214.jpg,2
1215.jpg,2
1216.jpg,2
1217.jpg,2
1218.jpg,2
1219.jpg,2
1220.jpg,2
1221.jpg,2
1222.jpg,2
1223.jpg,2
1224.jpg,2
1225.jpg,2
1226.jpg,2
1227.jpg,2
1228.jpg,2
1229.jpg,2
1230.jpg,2
1231.jpg,2
1232.jpg,2
1233.jpg,2
1234.jpg,2
1235.jpg,2
1236.jpg,2
1237.jpg,2
1238.jpg,2
1239.jpg,2
1240.jpg,2
1241.jpg,2
1242.jpg,2
1243.jpg,2
1244.jpg,2
1245.jpg,2
1246.jpg,2
1247.jpg,2
1248.jpg,2
1249.jpg,2
1250.jpg,2
1251.jpg,2
1252.jpg,2
1253.jpg,2
1254.jpg,2
1255.jpg,2
1256.jpg,2
1257.jpg,2
1258.jpg,2
1259.jpg,2
1260.jpg,2
1261.jpg,2
1262.jpg,2
1263.jpg,2
1264.jpg,2
1265.jpg,2
1266.jpg,2
1267.jpg,2
1268.jpg,2
1269.jpg,2
1270.jpg,2
1271.jpg,2
1272.jpg,2
1273.jpg,2
1274.jpg,2
1275.jpg,2
1276.jpg,2
1277.jpg,2
1278.jpg,2
1279.jpg,2
1280.jpg,2
1281.jpg,2
1282.jpg,2
1283.jpg,2
1284.jpg,2
1285.jpg,2
1286.jpg,2
1287.jpg,2
1288.jpg,2
1289.jpg,2
1290.jpg,2
1291.jpg,2
1292.jpg,2
1293.jpg,2
1294.jpg,2
1295.jpg,2
1296.jpg,2
1297.jpg,2
1298.jpg,2
1299.jpg,2
1300.jpg,2
1301.jpg,2
1302.jpg,2
1303.jpg,2
1304.jpg,2
1305.jpg,2
1306.jpg,2
1307.jpg,2
1308.jpg,2
1309.jpg,2
1310.jpg,2
1311.jpg,2
1312.jpg,2
1313.jpg,2
1314.jpg,2
1315.jpg,2
1316.jpg,2
1317.jpg,2
1318.jpg,2
1319.jpg,2
1320.jpg,2
1321.jpg,2
1322.jpg,2
1323.jpg,2
1324.jpg,2
1325.jpg,2
1326.jpg,2
1327.jpg,2
1328.jpg,2
1329.jpg,2
1330.jpg,2
1331.jpg,2
1332.jpg,2
1333.jpg,2
1334.jpg,2
1335.jpg,2
1336.jpg,2
1337.jpg,2
1338.jpg,2
1339.jpg,2
1340.jpg,2
1341.jpg,2
1342.jpg,2
1343.jpg,2
1344.jpg,2
1345.jpg,2
1346.jpg,2
1347.jpg,2
1348.jpg,2
1349.jpg,2
1350.jpg,2
1351.jpg,2
1352.jpg,2
1353.jpg,2
1354.jpg,2
1355.jpg,2
1356.jpg,2
1357.jpg,2
1358.jpg,2
1359.jpg,2
1360.jpg,2
1361.jpg,2
1362.jpg,2
1363.jpg,2
1364.jpg,2
1365.jpg,2
1366.jpg,2
1367.jpg,2
1368.jpg,2
1369.jpg,2
1370.jpg,2
1371.jpg,2
1372.jpg,2
1373.jpg,2
1374.jpg,2
1375.jpg,2
1376.jpg,2
1377.jpg,2
1378.jpg,2
1379.jpg,2
1380.jpg,2
1381.jpg,2
1382.jpg,2
1383.jpg,2
1384.jpg,2
1385.jpg,2
1386.jpg,2
1387.jpg,2
1388.jpg,2
1389.jpg,2
1390.jpg,2
1391.jpg,2
1392.jpg,2
1393.jpg,2
1394.jpg,2
1395.jpg,2
1396.jpg,2
1397.jpg,2
1398.jpg,2
1399.jpg,2
1400.jpg,2
1401.jpg,2
1402.jpg,2
1403.jpg,2
1404.jpg,2
1405.jpg,2
1406.jpg,2
1407.jpg,2
1408.jpg,2
1409.jpg,2
1410.jpg,2
1411.jpg,2
1412.jpg,2
1413.jpg,2
1414.jpg,2
1415.jpg,2
1416.jpg,2
1417.jpg,2
1418.jpg,2
1419.jpg,3
1420.jpg,3
1421.jpg,3
1422.jpg,3
1423.jpg,3
1424.jpg,3
1425.jpg,3
1426.jpg,3
1427.jpg,3
1428.jpg,3
1429.jpg,3
1430.jpg,3
1431.jpg,3
1432.jpg,3
1433.jpg,3
1434.jpg,3
1435.jpg,3
1436.jpg,3
1437.jpg,3
1438.jpg,3
1439.jpg,3
1440.jpg,3
1441.jpg,3
1442.jpg,3
1443.jpg,3
1444.jpg,3
1445.jpg,3
1446.jpg,3
1447.jpg,3
1448.jpg,3
1449.jpg,3
1450.jpg,3
1451.jpg,3
1452.jpg,3
1453.jpg,3
1454.jpg,3
1455.jpg,3
1456.jpg,3
1457.jpg,3
1458.jpg,3
1459.jpg,3
1460.jpg,3
1461.jpg,3
1462.jpg,3
1463.jpg,3
1464.jpg,3
1465.jpg,3
1466.jpg,3
1467.jpg,3
1468.jpg,3
1469.jpg,3
1470.jpg,3
1471.jpg,3
1472.jpg,3
1473.jpg,3
1474.jpg,3
1475.jpg,3
1476.jpg,3
1477.jpg,3
1478.jpg,3
1479.jpg,3
1480.jpg,3
1481.jpg,3
1482.jpg,3
1483.jpg,3
1484.jpg,3
1485.jpg,3
1486.jpg,3
1487.jpg,3
1488.jpg,3
1489.jpg,3
1490.jpg,3
1491.jpg,3
1492.jpg,3
1493.jpg,3
1494.jpg,3
1495.jpg,3
1496.jpg,3
1497.jpg,3
1498.jpg,3
1499.jpg,3
1500.jpg,3
1501.jpg,3
1502.jpg,3
1503.jpg,3
1504.jpg,3
1505.jpg,3
1506.jpg,3
1507.jpg,3
1508.jpg,3
1509.jpg,3
1510.jpg,3
1511.jpg,3
1512.jpg,3
1513.jpg,3
1514.jpg,3
1515.jpg,3
1516.jpg,3
1517.jpg,3
1518.jpg,3
1519.jpg,3
1520.jpg,3
1521.jpg,3
1522.jpg,3
1523.jpg,3
1524.jpg,3
1525.jpg,3
1526.jpg,3
1527.jpg,3
1528.jpg,3
1529.jpg,3
1530.jpg,3
1531.jpg,3
1532.jpg,3
1533.jpg,3
1534.jpg,3
1535.jpg,3
1536.jpg,3
1537.jpg,3
1538.jpg,3
1539.jpg,3
1540.jpg,3
1541.jpg,3
1542.jpg,3
1543.jpg,3
1544.jpg,3
1545.jpg,3
1546.jpg,3
1547.jpg,3
1548.jpg,3
1549.jpg,3
1550.jpg,3
1551.jpg,3
1552.jpg,3
1553.jpg,3
1554.jpg,3
1555.jpg,3
1556.jpg,3
1557.jpg,3
1558.jpg,3
1559.jpg,3
1560.jpg,3
1561.jpg,3
1562.jpg,3
1563.jpg,3
1564.jpg,3
1565.jpg,3
1566.jpg,3
1567.jpg,3
1568.jpg,3
1569.jpg,3
1570.jpg,3
1571.jpg,3
1572.jpg,3
1573.jpg,3
1574.jpg,3
1575.jpg,3
1576.jpg,3
1577.jpg,3
1578.jpg,3
1579.jpg,3
1580.jpg,3
1581.jpg,3
1582.jpg,3
1583.jpg,3
1584.jpg,3
1585.jpg,3
1586.jpg,3
1587.jpg,3
1588.jpg,3
1589.jpg,3
1590.jpg,3
1591.jpg,3
1592.jpg,3
1593.jpg,3
1594.jpg,3
1595.jpg,3
1596.jpg,3
1597.jpg,3
1598.jpg,3
1599.jpg,3
1600.jpg,3
1601.jpg,3
1602.jpg,3
1603.jpg,3
1604.jpg,3
1605.jpg,3
1606.jpg,3
1607.jpg,3
1608.jpg,3
1609.jpg,3
1610.jpg,3
1611.jpg,3
1612.jpg,3
1613.jpg,3
1614.jpg,3
1615.jpg,3
1616.jpg,3
1617.jpg,3
1618.jpg,3
1619.jpg,3
1620.jpg,3
1621.jpg,3
1622.jpg,3
1623.jpg,3
1624.jpg,3
1625.jpg,3
1626.jpg,3
1627.jpg,3
1628.jpg,3
1629.jpg,3
1630.jpg,3
1631.jpg,3
1632.jpg,3
1633.jpg,3
1634.jpg,3
1635.jpg,3
1636.jpg,3
1637.jpg,3
1638.jpg,3
1639.jpg,3
1640.jpg,3
1641.jpg,3
1642.jpg,3
1643.jpg,3
1644.jpg,3
1645.jpg,3
1646.jpg,3
1647.jpg,3
1648.jpg,3
1649.jpg,3
1650.jpg,3
1651.jpg,3
1652.jpg,3
1653.jpg,3
1654.jpg,3
1655.jpg,3
1656.jpg,3
1657.jpg,3
1658.jpg,3
1659.jpg,3
1660.jpg,3
1661.jpg,3
1662.jpg,3
1663.jpg,3
1664.jpg,3
1665.jpg,3
1666.jpg,3
1667.jpg,3
1668.jpg,3
1669.jpg,3
1670.jpg,3
1671.jpg,3
1672.jpg,3
1673.jpg,3
1674.jpg,3
1675.jpg,3
1676.jpg,3
1677.jpg,3
1678.jpg,3
1679.jpg,3
1680.jpg,3
1681.jpg,3
1682.jpg,3
1683.jpg,3
1684.jpg,3
1685.jpg,3
1686.jpg,3
1687.jpg,3
1688.jpg,3
1689.jpg,3
1690.jpg,3
1691.jpg,3
1692.jpg,3
1693.jpg,3
1694.jpg,3
1695.jpg,3
1696.jpg,3
1697.jpg,3
1698.jpg,3
1699.jpg,3
1700.jpg,3
1701.jpg,3
1702.jpg,3
1703.jpg,3
1704.jpg,3
1705.jpg,3
1706.jpg,3
1707.jpg,3
1708.jpg,3
1709.jpg,3
1710.jpg,3
1711.jpg,3
1712.jpg,3
1713.jpg,3
1714.jpg,3
1715.jpg,3
1716.jpg,3
1717.jpg,3
1718.jpg,3
1719.jpg,3
1720.jpg,3
1721.jpg,3
1722.jpg,3
1723.jpg,3
1724.jpg,3
1725.jpg,3
1726.jpg,3
1727.jpg,3
1728.jpg,3
1729.jpg,3
1730.jpg,3
1731.jpg,3
1732.jpg,3
1733.jpg,3
1734.jpg,3
1735.jpg,3
1736.jpg,3
1737.jpg,3
1738.jpg,3
1739.jpg,3
1740.jpg,3
1741.jpg,3
1742.jpg,3
1743.jpg,3
1744.jpg,3
1745.jpg,3
1746.jpg,3
1747.jpg,3
1748.jpg,3
1749.jpg,3
1750.jpg,3
1751.jpg,3
1752.jpg,3
1753.jpg,3
1754.jpg,3
1755.jpg,3
1756.jpg,3
1757.jpg,3
1758.jpg,3
1759.jpg,3
1760.jpg,3
1761.jpg,3
1762.jpg,3
1763.jpg,3
1764.jpg,3
1765.jpg,3
1766.jpg,3
1767.jpg,3
1768.jpg,3
1769.jpg,3
1770.jpg,3
1771.jpg,3
1772.jpg,3
1773.jpg,3
1774.jpg,3
1775.jpg,3
1776.jpg,3
1777.jpg,3
1778.jpg,3
1779.jpg,3
1780.jpg,3
1781.jpg,3
1782.jpg,3
1783.jpg,3
1784.jpg,3
1785.jpg,3
1786.jpg,3
1787.jpg,3
1788.jpg,3
1789.jpg,3
1790.jpg,3
1791.jpg,3
1792.jpg,3
1793.jpg,3
1794.jpg,3
1795.jpg,3
1796.jpg,3
1797.jpg,3
1798.jpg,3
1799.jpg,3
1800.jpg,3
1801.jpg,3
1802.jpg,3
1803.jpg,3
1804.jpg,3
1805.jpg,3
1806.jpg,3
1807.jpg,3
1808.jpg,3
1809.jpg,3
1810.jpg,3
1811.jpg,3
1812.jpg,3
1813.jpg,3
1814.jpg,3
1815.jpg,3
1816.jpg,3
1817.jpg,3
1818.jpg,3
1819.jpg,3
1820.jpg,3
1821.jpg,3
1822.jpg,3
1823.jpg,3
1824.jpg,3
1825.jpg,3
1826.jpg,3
1827.jpg,3
1828.jpg,3
1829.jpg,4
1830.jpg,4
1831.jpg,4
1832.jpg,4
1833.jpg,4
1834.jpg,4
1835.jpg,4
1836.jpg,4
1837.jpg,4
1838.jpg,4
1839.jpg,4
1840.jpg,4
1841.jpg,4
1842.jpg,4
1843.jpg,4
1844.jpg,4
1845.jpg,4
1846.jpg,4
1847.jpg,4
1848.jpg,4
1849.jpg,4
1850.jpg,4
1851.jpg,4
1852.jpg,4
1853.jpg,4
1854.jpg,4
1855.jpg,4
1856.jpg,4
1857.jpg,4
1858.jpg,4
1859.jpg,4
1860.jpg,4
1861.jpg,4
1862.jpg,4
1863.jpg,4
1864.jpg,4
1865.jpg,4
1866.jpg,4
1867.jpg,4
1868.jpg,4
1869.jpg,4
1870.jpg,4
1871.jpg,4
1872.jpg,4
1873.jpg,4
1874.jpg,4
1875.jpg,4
1876.jpg,4
1877.jpg,4
1878.jpg,4
1879.jpg,4
1880.jpg,4
1881.jpg,4
1882.jpg,4
1883.jpg,4
1884.jpg,4
1885.jpg,4
1886.jpg,4
1887.jpg,4
1888.jpg,4
1889.jpg,4
1890.jpg,4
1891.jpg,4
1892.jpg,4
1893.jpg,4
1894.jpg,4
1895.jpg,4
1896.jpg,4
1897.jpg,4
1898.jpg,4
1899.jpg,4
1900.jpg,4
1901.jpg,4
1902.jpg,4
1903.jpg,4
1904.jpg,4
1905.jpg,4
1906.jpg,4
1907.jpg,4
1908.jpg,4
1909.jpg,4
1910.jpg,4
1911.jpg,4
1912.jpg,4
1913.jpg,4
1914.jpg,4
1915.jpg,4
1916.jpg,4
1917.jpg,4
1918.jpg,4
1919.jpg,4
1920.jpg,4
1921.jpg,4
1922.jpg,4
1923.jpg,4
1924.jpg,4
1925.jpg,4
1926.jpg,4
1927.jpg,4
1928.jpg,4
1929.jpg,4
1930.jpg,4
1931.jpg,4
1932.jpg,4
1933.jpg,4
1934.jpg,4
1935.jpg,4
1936.jpg,4
1937.jpg,4
1938.jpg,4
1939.jpg,4
1940.jpg,4
1941.jpg,4
1942.jpg,4
1943.jpg,4
1944.jpg,4
1945.jpg,4
1946.jpg,4
1947.jpg,4
1948.jpg,4
1949.jpg,4
1950.jpg,4
1951.jpg,4
1952.jpg,4
1953.jpg,4
1954.jpg,4
1955.jpg,4
1956.jpg,4
1957.jpg,4
1958.jpg,4
1959.jpg,4
1960.jpg,4
1961.jpg,4
1962.jpg,4
1963.jpg,4
1964.jpg,4
1965.jpg,4
1966.jpg,4
1967.jpg,4
1968.jpg,4
1969.jpg,4
1970.jpg,4
1971.jpg,4
1972.jpg,4
1973.jpg,4
1974.jpg,4
1975.jpg,4
1976.jpg,4
1977.jpg,4
1978.jpg,4
1979.jpg,4
1980.jpg,4
1981.jpg,4
1982.jpg,4
1983.jpg,4
1984.jpg,4
1985.jpg,4
1986.jpg,4
1987.jpg,4
1988.jpg,4
1989.jpg,4
1990.jpg,4
1991.jpg,4
1992.jpg,4
1993.jpg,4
1994.jpg,4
1995.jpg,4
1996.jpg,4
1997.jpg,4
1998.jpg,4
1999.jpg,4
2000.jpg,4
2001.jpg,4
2002.jpg,4
2003.jpg,4
2004.jpg,4
2005.jpg,4
2006.jpg,4
2007.jpg,4
2008.jpg,4
2009.jpg,4
2010.jpg,4
2011.jpg,4
2012.jpg,4
2013.jpg,4
2014.jpg,4
2015.jpg,4
2016.jpg,4
2017.jpg,4
2018.jpg,4
2019.jpg,4
2020.jpg,4
2021.jpg,4
2022.jpg,4
2023.jpg,4
2024.jpg,4
2025.jpg,4
2026.jpg,4
2027.jpg,4
2028.jpg,4
2029.jpg,4
2030.jpg,4
2031.jpg,4
2032.jpg,4
2033.jpg,4
2034.jpg,4
2035.jpg,4
2036.jpg,4
2037.jpg,4
2038.jpg,4
2039.jpg,4
2040.jpg,4
2041.jpg,4
2042.jpg,4
2043.jpg,4
2044.jpg,4
2045.jpg,4
2046.jpg,4
2047.jpg,4
2048.jpg,4
2049.jpg,4
2050.jpg,4
2051.jpg,4
2052.jpg,4
2053.jpg,4
2054.jpg,4
2055.jpg,4
2056.jpg,4
2057.jpg,4
2058.jpg,4
2059.jpg,4
2060.jpg,4
2061.jpg,4
2062.jpg,4
2063.jpg,4
2064.jpg,4
2065.jpg,4
2066.jpg,4
2067.jpg,4
2068.jpg,4
2069.jpg,4
2070.jpg,4
2071.jpg,4
2072.jpg,4
2073.jpg,4
2074.jpg,4
2075.jpg,4
2076.jpg,4
2077.jpg,4
2078.jpg,4
2079.jpg,4
2080.jpg,4
2081.jpg,4
2082.jpg,4
2083.jpg,4
2084.jpg,4
2085.jpg,4
2086.jpg,4
2087.jpg,4
2088.jpg,4
2089.jpg,4
2090.jpg,4
2091.jpg,4
2092.jpg,4
2093.jpg,4
2094.jpg,4
2095.jpg,4
2096.jpg,4
2097.jpg,4
2098.jpg,4
2099.jpg,4
2100.jpg,4
2101.jpg,4
2102.jpg,4
2103.jpg,4
2104.jpg,4
2105.jpg,4
2106.jpg,4
2107.jpg,4
2108.jpg,4
2109.jpg,4
2110.jpg,4
2111.jpg,4
2112.jpg,4
2113.jpg,4
2114.jpg,4
2115.jpg,4
2116.jpg,4
2117.jpg,4
2118.jpg,4
2119.jpg,4
2120.jpg,4
2121.jpg,4
2122.jpg,4
2123.jpg,4
2124.jpg,4
2125.jpg,4
2126.jpg,4
2127.jpg,4
2128.jpg,4
2129.jpg,4
2130.jpg,4
2131.jpg,4
2132.jpg,4
2133.jpg,4
2134.jpg,4
2135.jpg,4
2136.jpg,4
2137.jpg,4
2138.jpg,4
2139.jpg,4
2140.jpg,4
2141.jpg,4
2142.jpg,4
2143.jpg,4
2144.jpg,4
2145.jpg,4
2146.jpg,4
2147.jpg,4
2148.jpg,4
2149.jpg,4
2150.jpg,4
2151.jpg,4
2152.jpg,4
2153.jpg,4
2154.jpg,4
2155.jpg,4
2156.jpg,4
2157.jpg,4
2158.jpg,4
2159.jpg,4
2160.jpg,4
2161.jpg,4
2162.jpg,4
2163.jpg,4
2164.jpg,4
2165.jpg,4
2166.jpg,4
2167.jpg,4
2168.jpg,4
2169.jpg,4
2170.jpg,4
2171.jpg,4
2172.jpg,4
2173.jpg,4
2174.jpg,4
2175.jpg,4
2176.jpg,4
2177.jpg,4
2178.jpg,4
2179.jpg,4
2180.jpg,4
2181.jpg,4
2182.jpg,4
2183.jpg,4
2184.jpg,4
2185.jpg,4
2186.jpg,4
2187.jpg,4
2188.jpg,4
2189.jpg,4
2190.jpg,4
2191.jpg,4
2192.jpg,4
2193.jpg,4
2194.jpg,4
2195.jpg,4
2196.jpg,4
2197.jpg,4
2198.jpg,4
2199.jpg,4
2200.jpg,4
2201.jpg,4
2202.jpg,4
2203.jpg,4
2204.jpg,4
2205.jpg,4
2206.jpg,4
2207.jpg,4
2208.jpg,4
2209.jpg,4
2210.jpg,4
2211.jpg,4
2212.jpg,4
2213.jpg,4
2214.jpg,4
2215.jpg,4
2216.jpg,4
2217.jpg,4
2218.jpg,4
2219.jpg,4
2220.jpg,4
2221.jpg,4
2222.jpg,4
2223.jpg,4
2224.jpg,4
2225.jpg,4
2226.jpg,4
2227.jpg,4
2228.jpg,4
2229.jpg,4
2230.jpg,4
2231.jpg,4
2232.jpg,4
2233.jpg,4
2234.jpg,4
2235.jpg,4
2236.jpg,4
2237.jpg,4
2238.jpg,4
2239.jpg,5
2240.jpg,5
2241.jpg,5
2242.jpg,5
2243.jpg,5
2244.jpg,5
2245.jpg,5
2246.jpg,5
2247.jpg,5
2248.jpg,5
2249.jpg,5
2250.jpg,5
2251.jpg,5
2252.jpg,5
2253.jpg,5
2254.jpg,5
2255.jpg,5
2256.jpg,5
2257.jpg,5
2258.jpg,5
2259.jpg,5
2260.jpg,5
2261.jpg,5
2262.jpg,5
2263.jpg,5
2264.jpg,5
2265.jpg,5
2266.jpg,5
2267.jpg,5
2268.jpg,5
2269.jpg,5
2270.jpg,5
2271.jpg,5
2272.jpg,5
2273.jpg,5
2274.jpg,5
2275.jpg,5
2276.jpg,5
2277.jpg,5
2278.jpg,5
2279.jpg,5
2280.jpg,5
2281.jpg,5
2282.jpg,5
2283.jpg,5
2284.jpg,5
2285.jpg,5
2286.jpg,5
2287.jpg,5
2288.jpg,5
2289.jpg,5
2290.jpg,5
2291.jpg,5
2292.jpg,5
2293.jpg,5
2294.jpg,5
2295.jpg,5
2296.jpg,5
2297.jpg,5
2298.jpg,5
2299.jpg,5
2300.jpg,5
2301.jpg,5
2302.jpg,5
2303.jpg,5
2304.jpg,5
2305.jpg,5
2306.jpg,5
2307.jpg,5
2308.jpg,5
2309.jpg,5
2310.jpg,5
2311.jpg,5
2312.jpg,5
2313.jpg,5
2314.jpg,5
2315.jpg,5
2316.jpg,5
2317.jpg,5
2318.jpg,5
2319.jpg,5
2320.jpg,5
2321.jpg,5
2322.jpg,5
2323.jpg,5
2324.jpg,5
2325.jpg,5
2326.jpg,5
2327.jpg,5
2328.jpg,5
2329.jpg,5
2330.jpg,5
2331.jpg,5
2332.jpg,5
2333.jpg,5
2334.jpg,5
2335.jpg,5
2336.jpg,5
2337.jpg,5
2338.jpg,5
2339.jpg,5
2340.jpg,5
2341.jpg,5
2342.jpg,5
2343.jpg,5
2344.jpg,5
2345.jpg,5
2346.jpg,5
2347.jpg,5
2348.jpg,5
2349.jpg,5
2350.jpg,5
2351.jpg,5
2352.jpg,5
2353.jpg,5
2354.jpg,5
2355.jpg,5
2356.jpg,5
2357.jpg,5
2358.jpg,5
2359.jpg,5
2360.jpg,5
2361.jpg,5
2362.jpg,5
2363.jpg,5
2364.jpg,5
2365.jpg,5
2366.jpg,5
2367.jpg,5
2368.jpg,5
2369.jpg,5
2370.jpg,5
2371.jpg,5
2372.jpg,5
2373.jpg,5
2374.jpg,5
2375.jpg,5
2376.jpg,5
2377.jpg,5
2378.jpg,5
2379.jpg,5
2380.jpg,5
2381.jpg,5
2382.jpg,5
2383.jpg,5
2384.jpg,5
2385.jpg,5
2386.jpg,5
2387.jpg,5
2388.jpg,5
2389.jpg,5
2390.jpg,5
2391.jpg,5
2392.jpg,5
2393.jpg,5
2394.jpg,5
2395.jpg,5
2396.jpg,5
2397.jpg,5
2398.jpg,5
2399.jpg,5
2400.jpg,5
2401.jpg,5
2402.jpg,5
2403.jpg,5
2404.jpg,5
2405.jpg,5
2406.jpg,5
2407.jpg,5
2408.jpg,5
2409.jpg,5
2410.jpg,5
2411.jpg,5
2412.jpg,5
2413.jpg,5
2414.jpg,5
2415.jpg,5
2416.jpg,5
2417.jpg,5
2418.jpg,5
2419.jpg,5
2420.jpg,5
2421.jpg,5
2422.jpg,5
2423.jpg,5
2424.jpg,5
2425.jpg,5
2426.jpg,5
2427.jpg,5
2428.jpg,5
2429.jpg,5
2430.jpg,5
2431.jpg,5
2432.jpg,5
2433.jpg,5
2434.jpg,5
2435.jpg,5
2436.jpg,5
2437.jpg,5
2438.jpg,5
2439.jpg,5
2440.jpg,5
2441.jpg,5
2442.jpg,5
2443.jpg,5
2444.jpg,5
2445.jpg,5
2446.jpg,5
2447.jpg,5
2448.jpg,5
2449.jpg,5
2450.jpg,5
2451.jpg,5
2452.jpg,5
2453.jpg,5
2454.jpg,5
2455.jpg,5
2456.jpg,5
2457.jpg,5
2458.jpg,5
2459.jpg,5
2460.jpg,5
2461.jpg,5
2462.jpg,5
2463.jpg,5
2464.jpg,5
2465.jpg,5
2466.jpg,5
2467.jpg,5
2468.jpg,5
2469.jpg,5
2470.jpg,5
2471.jpg,5
2472.jpg,5
2473.jpg,5
2474.jpg,5
2475.jpg,5
2476.jpg,5
2477.jpg,5
2478.jpg,5
2479.jpg,5
2480.jpg,5
2481.jpg,5
2482.jpg,5
2483.jpg,5
2484.jpg,5
2485.jpg,5
2486.jpg,5
2487.jpg,5
2488.jpg,5
2489.jpg,5
2490.jpg,5
2491.jpg,5
2492.jpg,5
2493.jpg,5
2494.jpg,5
2495.jpg,5
2496.jpg,5
2497.jpg,5
2498.jpg,5
2499.jpg,5
2500.jpg,5
2501.jpg,5
2502.jpg,5
2503.jpg,5
2504.jpg,5
2505.jpg,5
2506.jpg,5
2507.jpg,5
2508.jpg,5
2509.jpg,5
2510.jpg,5
2511.jpg,5
2512.jpg,5
2513.jpg,5
2514.jpg,5
2515.jpg,5
2516.jpg,5
2517.jpg,5
2518.jpg,5
2519.jpg,5
2520.jpg,5
2521.jpg,5
2522.jpg,5
2523.jpg,5
2524.jpg,5
2525.jpg,5
2526.jpg,5
2527.jpg,5
2528.jpg,5
2529.jpg,5
2530.jpg,5
2531.jpg,5
2532.jpg,5
2533.jpg,5
2534.jpg,5
2535.jpg,5
2536.jpg,5
2537.jpg,5
2538.jpg,5
2539.jpg,5
2540.jpg,5
2541.jpg,5
2542.jpg,5
2543.jpg,5
2544.jpg,5
2545.jpg,5
2546.jpg,5
2547.jpg,5
2548.jpg,5
2549.jpg,5
2550.jpg,5
2551.jpg,5
2552.jpg,5
2553.jpg,5
2554.jpg,5
2555.jpg,5
2556.jpg,5
2557.jpg,5
2558.jpg,5
2559.jpg,5
2560.jpg,5
2561.jpg,5
2562.jpg,5
2563.jpg,5
2564.jpg,5
2565.jpg,5
2566.jpg,5
2567.jpg,5
2568.jpg,5
2569.jpg,5
2570.jpg,5
2571.jpg,5
2572.jpg,5
2573.jpg,5
2574.jpg,5
2575.jpg,5
2576.jpg,5
2577.jpg,5
2578.jpg,5
2579.jpg,5
2580.jpg,5
2581.jpg,5
2582.jpg,5
2583.jpg,5
2584.jpg,5
2585.jpg,5
2586.jpg,5
2587.jpg,5
2588.jpg,5
2589.jpg,5
2590.jpg,5
2591.jpg,5
2592.jpg,5
2593.jpg,5
2594.jpg,5
2595.jpg,5
2596.jpg,5
2597.jpg,5
2598.jpg,5
2599.jpg,5
2600.jpg,5
2601.jpg,5
2602.jpg,5
2603.jpg,5
2604.jpg,5
2605.jpg,5
2606.jpg,5
2607.jpg,5
2608.jpg,5
2609.jpg,5
2610.jpg,5
2611.jpg,5
2612.jpg,5
2613.jpg,5
2614.jpg,5
2615.jpg,5
2616.jpg,5
2617.jpg,5
2618.jpg,5
2619.jpg,5
2620.jpg,5
2621.jpg,5
2622.jpg,5
2623.jpg,5
2624.jpg,5
2625.jpg,5
2626.jpg,5
2627.jpg,5
2628.jpg,5
2629.jpg,5
2630.jpg,6
2631.jpg,6
2632.jpg,6
2633.jpg,6
2634.jpg,6
2635.jpg,6
2636.jpg,6
2637.jpg,6
2638.jpg,6
2639.jpg,6
2640.jpg,6
2641.jpg,6
2642.jpg,6
2643.jpg,6
2644.jpg,6
2645.jpg,6
2646.jpg,6
2647.jpg,6
2648.jpg,6
2649.jpg,6
2650.jpg,6
2651.jpg,6
2652.jpg,6
2653.jpg,6
2654.jpg,6
2655.jpg,6
2656.jpg,6
2657.jpg,6
2658.jpg,6
2659.jpg,6
2660.jpg,6
2661.jpg,6
2662.jpg,6
2663.jpg,6
2664.jpg,6
2665.jpg,6
2666.jpg,6
2667.jpg,6
2668.jpg,6
2669.jpg,6
2670.jpg,6
2671.jpg,6
2672.jpg,6
2673.jpg,6
2674.jpg,6
2675.jpg,6
2676.jpg,6
2677.jpg,6
2678.jpg,6
2679.jpg,6
2680.jpg,6
2681.jpg,6
2682.jpg,6
2683.jpg,6
2684.jpg,6
2685.jpg,6
2686.jpg,6
2687.jpg,6
2688.jpg,6
2689.jpg,6
2690.jpg,6
2691.jpg,6
2692.jpg,6
2693.jpg,6
2694.jpg,6
2695.jpg,6
2696.jpg,6
2697.jpg,6
2698.jpg,6
2699.jpg,6
2700.jpg,6
2701.jpg,6
2702.jpg,6
2703.jpg,6
2704.jpg,6
2705.jpg,6
2706.jpg,6
2707.jpg,6
2708.jpg,6
2709.jpg,6
2710.jpg,6
2711.jpg,6
2712.jpg,6
2713.jpg,6
2714.jpg,6
2715.jpg,6
2716.jpg,6
2717.jpg,6
2718.jpg,6
2719.jpg,6
2720.jpg,6
2721.jpg,6
2722.jpg,6
2723.jpg,6
2724.jpg,6
2725.jpg,6
2726.jpg,6
2727.jpg,6
2728.jpg,6
2729.jpg,6
2730.jpg,6
2731.jpg,6
2732.jpg,6
2733.jpg,6
2734.jpg,6
2735.jpg,6
2736.jpg,6
2737.jpg,6
2738.jpg,6
2739.jpg,6
2740.jpg,6
2741.jpg,6
2742.jpg,6
2743.jpg,6
2744.jpg,6
2745.jpg,6
2746.jpg,6
2747.jpg,6
2748.jpg,6
2749.jpg,6
2750.jpg,6
2751.jpg,6
2752.jpg,6
2753.jpg,6
2754.jpg,6
2755.jpg,6
2756.jpg,6
2757.jpg,6
2758.jpg,6
2759.jpg,6
2760.jpg,6
2761.jpg,6
2762.jpg,6
2763.jpg,6
2764.jpg,6
2765.jpg,6
2766.jpg,6
2767.jpg,6
2768.jpg,6
2769.jpg,6
2770.jpg,6
2771.jpg,6
2772.jpg,6
2773.jpg,6
2774.jpg,6
2775.jpg,6
2776.jpg,6
2777.jpg,6
2778.jpg,6
2779.jpg,6
2780.jpg,6
2781.jpg,6
2782.jpg,6
2783.jpg,6
2784.jpg,6
2785.jpg,6
2786.jpg,6
2787.jpg,6
2788.jpg,6
2789.jpg,6
2790.jpg,6
2791.jpg,6
2792.jpg,6
2793.jpg,6
2794.jpg,6
2795.jpg,6
2796.jpg,6
2797.jpg,6
2798.jpg,6
2799.jpg,6
2800.jpg,6
2801.jpg,6
2802.jpg,6
2803.jpg,6
2804.jpg,6
2805.jpg,6
2806.jpg,6
2807.jpg,6
2808.jpg,6
2809.jpg,6
2810.jpg,6
2811.jpg,6
2812.jpg,6
2813.jpg,6
2814.jpg,6
2815.jpg,6
2816.jpg,6
2817.jpg,6
2818.jpg,6
2819.jpg,6
2820.jpg,6
2821.jpg,6
2822.jpg,6
2823.jpg,6
2824.jpg,6
2825.jpg,6
2826.jpg,6
2827.jpg,6
2828.jpg,6
2829.jpg,6
2830.jpg,6
2831.jpg,6
2832.jpg,6
2833.jpg,6
2834.jpg,6
2835.jpg,6
2836.jpg,6
2837.jpg,6
2838.jpg,6
2839.jpg,6
2840.jpg,6
2841.jpg,6
2842.jpg,6
2843.jpg,6
2844.jpg,6
2845.jpg,6
2846.jpg,6
2847.jpg,6
2848.jpg,6
2849.jpg,6
2850.jpg,6
2851.jpg,6
2852.jpg,6
2853.jpg,6
2854.jpg,6
2855.jpg,6
2856.jpg,6
2857.jpg,6
2858.jpg,6
2859.jpg,6
2860.jpg,6
2861.jpg,6
2862.jpg,6
2863.jpg,6
2864.jpg,6
2865.jpg,6
2866.jpg,6
2867.jpg,6
2868.jpg,6
2869.jpg,6
2870.jpg,6
2871.jpg,6
2872.jpg,6
2873.jpg,6
2874.jpg,6
2875.jpg,6
2876.jpg,6
2877.jpg,6
2878.jpg,6
2879.jpg,6
2880.jpg,6
2881.jpg,6
2882.jpg,6
2883.jpg,6
2884.jpg,6
2885.jpg,6
2886.jpg,6
2887.jpg,6
2888.jpg,6
2889.jpg,6
2890.jpg,6
2891.jpg,6
2892.jpg,6
2893.jpg,6
2894.jpg,6
2895.jpg,6
2896.jpg,6
2897.jpg,6
2898.jpg,6
2899.jpg,6
2900.jpg,6
2901.jpg,6
2902.jpg,6
2903.jpg,6
2904.jpg,6
2905.jpg,6
2906.jpg,6
2907.jpg,6
2908.jpg,6
2909.jpg,6
2910.jpg,6
2911.jpg,6
2912.jpg,6
2913.jpg,6
2914.jpg,6
2915.jpg,6
2916.jpg,6
2917.jpg,6
2918.jpg,6
2919.jpg,6
2920.jpg,6
2921.jpg,6
2922.jpg,6
2923.jpg,6
2924.jpg,6
2925.jpg,6
2926.jpg,6
2927.jpg,6
2928.jpg,6
2929.jpg,6
2930.jpg,6
2931.jpg,6
2932.jpg,6
2933.jpg,6
2934.jpg,6
2935.jpg,6
2936.jpg,6
2937.jpg,6
2938.jpg,6
2939.jpg,6
2940.jpg,6
2941.jpg,6
2942.jpg,6
2943.jpg,6
2944.jpg,6
2945.jpg,6
2946.jpg,6
2947.jpg,6
2948.jpg,6
2949.jpg,6
2950.jpg,6
2951.jpg,6
2952.jpg,6
2953.jpg,6
2954.jpg,6
2955.jpg,6
2956.jpg,6
2957.jpg,6
2958.jpg,6
2959.jpg,6
2960.jpg,6
2961.jpg,6
2962.jpg,6
2963.jpg,6
2964.jpg,6
2965.jpg,6
2966.jpg,6
2967.jpg,6
2968.jpg,6
2969.jpg,6
2970.jpg,6
2971.jpg,6
2972.jpg,6
2973.jpg,6
2974.jpg,6
2975.jpg,6
2976.jpg,6
2977.jpg,6
2978.jpg,6
2979.jpg,6
2980.jpg,6
2981.jpg,6
2982.jpg,6
2983.jpg,6
2984.jpg,6
2985.jpg,6
2986.jpg,6
2987.jpg,6
2988.jpg,6
2989.jpg,6
2990.jpg,6
2991.jpg,6
2992.jpg,6
2993.jpg,6
2994.jpg,6
2995.jpg,6
2996.jpg,6
2997.jpg,6
2998.jpg,6
2999.jpg,6
3000.jpg,6
3001.jpg,6
3002.jpg,6
3003.jpg,6
3004.jpg,6
3005.jpg,6
3006.jpg,6
3007.jpg,6
3008.jpg,6
3009.jpg,6
3010.jpg,6
3011.jpg,6
3012.jpg,6
3013.jpg,6
3014.jpg,6
3015.jpg,6
3016.jpg,6
3017.jpg,6
3018.jpg,6
3019.jpg,6
3020.jpg,6
3021.jpg,6
3022.jpg,6
3023.jpg,6
3024.jpg,6
3025.jpg,6
3026.jpg,6
3027.jpg,6
3028.jpg,6
3029.jpg,6
3030.jpg,6
3031.jpg,6
3032.jpg,6
3033.jpg,6
3034.jpg,6
3035.jpg,6
3036.jpg,6
3037.jpg,6
3038.jpg,6
3039.jpg,6
3040.jpg,6
3041.jpg,6
3042.jpg,6
3043.jpg,6
3044.jpg,6
3045.jpg,6
3046.jpg,6
3047.jpg,6
3048.jpg,6
3049.jpg,6
3050.jpg,6
3051.jpg,6
3052.jpg,6
3053.jpg,6
3054.jpg,6
3055.jpg,6
3056.jpg,6
3057.jpg,6
3058.jpg,6
3059.jpg,6
3060.jpg,6
3061.jpg,6
3062.jpg,6
3063.jpg,6
3064.jpg,6
3065.jpg,6
3066.jpg,6
3067.jpg,6
3068.jpg,6
3069.jpg,6
3070.jpg,6
3071.jpg,6
3072.jpg,6
3073.jpg,6
3074.jpg,6
3075.jpg,6
3076.jpg,6
3077.jpg,6
3078.jpg,6
3079.jpg,6
3080.jpg,6
3081.jpg,6
3082.jpg,6
3083.jpg,6
3084.jpg,6
3085.jpg,6
3086.jpg,6
3087.jpg,6
3088.jpg,6
3089.jpg,6
3090.jpg,6
3091.jpg,6
3092.jpg,6
3093.jpg,6
3094.jpg,6
3095.jpg,6
3096.jpg,6
3097.jpg,6
3098.jpg,6
3099.jpg,6
3100.jpg,6
3101.jpg,6
3102.jpg,6
3103.jpg,6
3104.jpg,6
3105.jpg,6
3106.jpg,6
3107.jpg,6
3108.jpg,6
3109.jpg,6
3110.jpg,6
3111.jpg,6
3112.jpg,6
3113.jpg,6
3114.jpg,6
3115.jpg,6
3116.jpg,6
3117.jpg,6
3118.jpg,6
3119.jpg,6
3120.jpg,6
3121.jpg,6
3122.jpg,6
3123.jpg,6
3124.jpg,6
3125.jpg,6
3126.jpg,6
3127.jpg,6
3128.jpg,6
3129.jpg,6
3130.jpg,6
3131.jpg,6
3132.jpg,6
3133.jpg,6
3134.jpg,6
3135.jpg,6
3136.jpg,6
3137.jpg,6
3138.jpg,6
3139.jpg,6
3140.jpg,6
3141.jpg,6
3142.jpg,6
3143.jpg,6
3144.jpg,6
3145.jpg,6
3146.jpg,6
3147.jpg,6
3148.jpg,6
3149.jpg,6
3150.jpg,6
3151.jpg,6
3152.jpg,6
3153.jpg,6
3154.jpg,6
3155.jpg,6
3156.jpg,6
3157.jpg,6
3158.jpg,6
3159.jpg,6
3160.jpg,6
3161.jpg,6
3162.jpg,6
3163.jpg,6
3164.jpg,6
3165.jpg,6
3166.jpg,6
3167.jpg,6
3168.jpg,6
3169.jpg,6
3170.jpg,6
3171.jpg,6
3172.jpg,6
3173.jpg,6
3174.jpg,6
3175.jpg,6
3176.jpg,6
3177.jpg,6
3178.jpg,6
3179.jpg,6
3180.jpg,6
3181.jpg,6
3182.jpg,6
3183.jpg,6
3184.jpg,6
3185.jpg,6
3186.jpg,6
3187.jpg,6
3188.jpg,6
3189.jpg,6
3190.jpg,6
3191.jpg,6
3192.jpg,6
3193.jpg,6
3194.jpg,6
3195.jpg,6
3196.jpg,6
3197.jpg,6
3198.jpg,6
3199.jpg,6
3200.jpg,6
3201.jpg,6
3202.jpg,6
3203.jpg,6
3204.jpg,6
3205.jpg,6
3206.jpg,6
3207.jpg,6
3208.jpg,6
3209.jpg,7
3210.jpg,7
3211.jpg,7
3212.jpg,7
3213.jpg,7
3214.jpg,7
3215.jpg,7
3216.jpg,7
3217.jpg,7
3218.jpg,7
3219.jpg,7
3220.jpg,7
3221.jpg,7
3222.jpg,7
3223.jpg,7
3224.jpg,7
3225.jpg,7
3226.jpg,7
3227.jpg,7
3228.jpg,7
3229.jpg,7
3230.jpg,7
3231.jpg,7
3232.jpg,7
3233.jpg,7
3234.jpg,7
3235.jpg,7
3236.jpg,7
3237.jpg,7
3238.jpg,7
3239.jpg,7
3240.jpg,7
3241.jpg,7
3242.jpg,7
3243.jpg,7
3244.jpg,7
3245.jpg,7
3246.jpg,7
3247.jpg,7
3248.jpg,7
3249.jpg,7
3250.jpg,7
3251.jpg,7
3252.jpg,7
3253.jpg,7
3254.jpg,7
3255.jpg,7
3256.jpg,7
3257.jpg,7
3258.jpg,7
3259.jpg,7
3260.jpg,7
3261.jpg,7
3262.jpg,7
3263.jpg,7
3264.jpg,7
3265.jpg,7
3266.jpg,7
3267.jpg,7
3268.jpg,7
3269.jpg,7
3270.jpg,7
3271.jpg,7
3272.jpg,7
3273.jpg,7
3274.jpg,7
3275.jpg,7
3276.jpg,7
3277.jpg,7
3278.jpg,7
3279.jpg,7
3280.jpg,7
3281.jpg,7
3282.jpg,7
3283.jpg,7
3284.jpg,7
3285.jpg,7
3286.jpg,7
3287.jpg,7
3288.jpg,7
3289.jpg,7
3290.jpg,7
3291.jpg,7
3292.jpg,7
3293.jpg,7
3294.jpg,7
3295.jpg,7
3296.jpg,7
3297.jpg,7
3298.jpg,7
3299.jpg,7
3300.jpg,7
3301.jpg,7
3302.jpg,7
3303.jpg,7
3304.jpg,7
3305.jpg,7
3306.jpg,7
3307.jpg,7
3308.jpg,7
3309.jpg,7
3310.jpg,7
3311.jpg,7
3312.jpg,7
3313.jpg,7
3314.jpg,7
3315.jpg,7
3316.jpg,7
3317.jpg,7
3318.jpg,7
3319.jpg,7
3320.jpg,7
3321.jpg,7
3322.jpg,7
3323.jpg,7
3324.jpg,7
3325.jpg,7
3326.jpg,7
3327.jpg,7
3328.jpg,7
3329.jpg,7
3330.jpg,7
3331.jpg,7
3332.jpg,7
3333.jpg,7
3334.jpg,7
3335.jpg,7
3336.jpg,7
3337.jpg,7
3338.jpg,7
3339.jpg,7
3340.jpg,7
3341.jpg,7
3342.jpg,7
3343.jpg,7
3344.jpg,7
3345.jpg,7
3346.jpg,7
3347.jpg,7
3348.jpg,7
3349.jpg,7
3350.jpg,7
3351.jpg,7
3352.jpg,7
3353.jpg,7
3354.jpg,7
3355.jpg,7
3356.jpg,7
3357.jpg,7
3358.jpg,7
3359.jpg,7
3360.jpg,7
3361.jpg,7
3362.jpg,7
3363.jpg,7
3364.jpg,7
3365.jpg,7
3366.jpg,7
3367.jpg,7
3368.jpg,7
3369.jpg,7
3370.jpg,7
3371.jpg,7
3372.jpg,7
3373.jpg,7
3374.jpg,7
3375.jpg,7
3376.jpg,7
3377.jpg,7
3378.jpg,7
3379.jpg,7
3380.jpg,7
3381.jpg,7
3382.jpg,7
3383.jpg,7
3384.jpg,7
3385.jpg,7
3386.jpg,7
3387.jpg,7
3388.jpg,7
3389.jpg,7
3390.jpg,7
3391.jpg,7
3392.jpg,7
3393.jpg,7
3394.jpg,7
3395.jpg,7
3396.jpg,7
3397.jpg,7
3398.jpg,7
3399.jpg,7
3400.jpg,7
3401.jpg,7
3402.jpg,7
3403.jpg,7
3404.jpg,7
3405.jpg,7
3406.jpg,7
3407.jpg,7
3408.jpg,7
3409.jpg,7
3410.jpg,7
3411.jpg,7
3412.jpg,7
3413.jpg,7
3414.jpg,7
3415.jpg,7
3416.jpg,7
3417.jpg,7
3418.jpg,7
3419.jpg,7
3420.jpg,7
3421.jpg,7
3422.jpg,7
3423.jpg,7
3424.jpg,7
3425.jpg,7
3426.jpg,7
3427.jpg,7
3428.jpg,7
3429.jpg,7
3430.jpg,7
3431.jpg,7
3432.jpg,7
3433.jpg,7
3434.jpg,7
3435.jpg,7
3436.jpg,7
3437.jpg,7
3438.jpg,7
3439.jpg,7
3440.jpg,7
3441.jpg,7
3442.jpg,7
3443.jpg,7
3444.jpg,7
3445.jpg,7
3446.jpg,7
3447.jpg,7
3448.jpg,7
3449.jpg,7
3450.jpg,7
3451.jpg,7
3452.jpg,7
3453.jpg,7
3454.jpg,7
3455.jpg,7
3456.jpg,7
3457.jpg,7
3458.jpg,7
3459.jpg,7
3460.jpg,7
3461.jpg,7
3462.jpg,7
3463.jpg,7
3464.jpg,7
3465.jpg,7
3466.jpg,7
3467.jpg,7
3468.jpg,7
3469.jpg,7
3470.jpg,7
3471.jpg,7
3472.jpg,7
3473.jpg,7
3474.jpg,7
3475.jpg,7
3476.jpg,7
3477.jpg,7
3478.jpg,7
3479.jpg,7
3480.jpg,7
3481.jpg,7
3482.jpg,7
3483.jpg,7
3484.jpg,7
3485.jpg,7
3486.jpg,7
3487.jpg,7
3488.jpg,7
3489.jpg,7
3490.jpg,7
3491.jpg,7
3492.jpg,7
3493.jpg,7
3494.jpg,7
3495.jpg,7
3496.jpg,7
3497.jpg,7
3498.jpg,7
3499.jpg,7
3500.jpg,7
3501.jpg,7
3502.jpg,7
3503.jpg,7
3504.jpg,7
3505.jpg,7
3506.jpg,7
3507.jpg,7
3508.jpg,7
3509.jpg,7
3510.jpg,7
3511.jpg,7
3512.jpg,7
3513.jpg,7
3514.jpg,7
3515.jpg,7
3516.jpg,7
3517.jpg,7
3518.jpg,7
3519.jpg,7
3520.jpg,7
3521.jpg,7
3522.jpg,7
3523.jpg,7
3524.jpg,7
3525.jpg,7
3526.jpg,7
3527.jpg,7
3528.jpg,7
3529.jpg,7
3530.jpg,7
3531.jpg,7
3532.jpg,7
3533.jpg,7
3534.jpg,7
3535.jpg,7
3536.jpg,7
3537.jpg,7
3538.jpg,7
3539.jpg,7
3540.jpg,7
3541.jpg,7
3542.jpg,7
3543.jpg,7
3544.jpg,7
3545.jpg,7
3546.jpg,7
3547.jpg,7
3548.jpg,7
3549.jpg,7
3550.jpg,7
3551.jpg,7
3552.jpg,7
3553.jpg,7
3554.jpg,7
3555.jpg,7
3556.jpg,7
3557.jpg,7
3558.jpg,7
3559.jpg,7
3560.jpg,7
3561.jpg,7
3562.jpg,7
3563.jpg,7
3564.jpg,7
3565.jpg,7
3566.jpg,7
3567.jpg,7
3568.jpg,7
3569.jpg,7
3570.jpg,7
3571.jpg,7
3572.jpg,7
3573.jpg,7
3574.jpg,7
3575.jpg,7
3576.jpg,7
3577.jpg,7
3578.jpg,7
3579.jpg,7
3580.jpg,7
3581.jpg,7
3582.jpg,7
3583.jpg,7
3584.jpg,7
3585.jpg,7
3586.jpg,7
3587.jpg,7
3588.jpg,7
3589.jpg,7
3590.jpg,7
3591.jpg,7
3592.jpg,7
3593.jpg,7
3594.jpg,7
3595.jpg,7
3596.jpg,7
3597.jpg,7
3598.jpg,7
3599.jpg,7
3600.jpg,7
3601.jpg,7
3602.jpg,7
3603.jpg,7
3604.jpg,7
3605.jpg,7
3606.jpg,7
3607.jpg,7
3608.jpg,7
3609.jpg,7
3610.jpg,7
3611.jpg,7
3612.jpg,7
3613.jpg,7
3614.jpg,7
3615.jpg,7
3616.jpg,7
3617.jpg,7
3618.jpg,7
3619.jpg,7
3620.jpg,7
3621.jpg,7
3622.jpg,7
3623.jpg,7
3624.jpg,7
3625.jpg,7
3626.jpg,7
3627.jpg,7
3628.jpg,7
3629.jpg,7
3630.jpg,7
3631.jpg,7
3632.jpg,7
3633.jpg,7
3634.jpg,7
3635.jpg,7
3636.jpg,7
3637.jpg,7
3638.jpg,7
3639.jpg,7
3640.jpg,7
3641.jpg,7
3642.jpg,7
3643.jpg,7
3644.jpg,7
3645.jpg,7
3646.jpg,7
3647.jpg,7
3648.jpg,7
3649.jpg,7
3650.jpg,7
3651.jpg,7
3652.jpg,7
3653.jpg,7
3654.jpg,7
3655.jpg,7
3656.jpg,7
3657.jpg,7
3658.jpg,7
3659.jpg,7
3660.jpg,7
3661.jpg,7
3662.jpg,7
3663.jpg,7
3664.jpg,7
3665.jpg,7
3666.jpg,7
3667.jpg,7
3668.jpg,7
3669.jpg,7
3670.jpg,8
3671.jpg,8
3672.jpg,8
3673.jpg,8
3674.jpg,8
3675.jpg,8
3676.jpg,8
3677.jpg,8
3678.jpg,8
3679.jpg,8
3680.jpg,8
3681.jpg,8
3682.jpg,8
3683.jpg,8
3684.jpg,8
3685.jpg,8
3686.jpg,8
3687.jpg,8
3688.jpg,8
3689.jpg,8
3690.jpg,8
3691.jpg,8
3692.jpg,8
3693.jpg,8
3694.jpg,8
3695.jpg,8
3696.jpg,8
3697.jpg,8
3698.jpg,8
3699.jpg,8
3700.jpg,8
3701.jpg,8
3702.jpg,8
3703.jpg,8
3704.jpg,8
3705.jpg,8
3706.jpg,8
3707.jpg,8
3708.jpg,8
3709.jpg,8
3710.jpg,8
3711.jpg,8
3712.jpg,8
3713.jpg,8
3714.jpg,8
3715.jpg,8
3716.jpg,8
3717.jpg,8
3718.jpg,8
3719.jpg,8
3720.jpg,8
3721.jpg,8
3722.jpg,8
3723.jpg,8
3724.jpg,8
3725.jpg,8
3726.jpg,8
3727.jpg,8
3728.jpg,8
3729.jpg,8
3730.jpg,8
3731.jpg,8
3732.jpg,8
3733.jpg,8
3734.jpg,8
3735.jpg,8
3736.jpg,8
3737.jpg,8
3738.jpg,8
3739.jpg,8
3740.jpg,8
3741.jpg,8
3742.jpg,8
3743.jpg,8
3744.jpg,8
3745.jpg,8
3746.jpg,8
3747.jpg,8
3748.jpg,8
3749.jpg,8
3750.jpg,8
3751.jpg,8
3752.jpg,8
3753.jpg,8
3754.jpg,8
3755.jpg,8
3756.jpg,8
3757.jpg,8
3758.jpg,8
3759.jpg,8
3760.jpg,8
3761.jpg,8
3762.jpg,8
3763.jpg,8
3764.jpg,8
3765.jpg,8
3766.jpg,8
3767.jpg,8
3768.jpg,8
3769.jpg,8
3770.jpg,8
3771.jpg,8
3772.jpg,8
3773.jpg,8
3774.jpg,8
3775.jpg,8
3776.jpg,8
3777.jpg,8
3778.jpg,8
3779.jpg,8
3780.jpg,8
3781.jpg,8
3782.jpg,8
3783.jpg,8
3784.jpg,8
3785.jpg,8
3786.jpg,8
3787.jpg,8
3788.jpg,8
3789.jpg,8
3790.jpg,8
3791.jpg,8
3792.jpg,8
3793.jpg,8
3794.jpg,8
3795.jpg,8
3796.jpg,8
3797.jpg,8
3798.jpg,8
3799.jpg,8
3800.jpg,8
3801.jpg,8
3802.jpg,8
3803.jpg,8
3804.jpg,8
3805.jpg,8
3806.jpg,8
3807.jpg,8
3808.jpg,8
3809.jpg,8
3810.jpg,8
3811.jpg,8
3812.jpg,8
3813.jpg,8
3814.jpg,8
3815.jpg,8
3816.jpg,8
3817.jpg,8
3818.jpg,8
3819.jpg,8
3820.jpg,8
3821.jpg,8
3822.jpg,8
3823.jpg,8
3824.jpg,8
3825.jpg,8
3826.jpg,8
3827.jpg,8
3828.jpg,8
3829.jpg,8
3830.jpg,8
3831.jpg,8
3832.jpg,8
3833.jpg,8
3834.jpg,8
3835.jpg,8
3836.jpg,8
3837.jpg,8
3838.jpg,8
3839.jpg,8
3840.jpg,8
3841.jpg,8
3842.jpg,8
3843.jpg,8
3844.jpg,8
3845.jpg,8
3846.jpg,8
3847.jpg,8
3848.jpg,8
3849.jpg,8
3850.jpg,8
3851.jpg,8
3852.jpg,8
3853.jpg,8
3854.jpg,8
3855.jpg,8
3856.jpg,8
3857.jpg,8
3858.jpg,8
3859.jpg,8
3860.jpg,8
3861.jpg,8
3862.jpg,8
3863.jpg,8
3864.jpg,8
3865.jpg,8
3866.jpg,8
3867.jpg,8
3868.jpg,8
3869.jpg,8
3870.jpg,8
3871.jpg,8
3872.jpg,8
3873.jpg,8
3874.jpg,8
3875.jpg,8
3876.jpg,8
3877.jpg,8
3878.jpg,8
3879.jpg,8
3880.jpg,8
3881.jpg,8
3882.jpg,8
3883.jpg,8
3884.jpg,8
3885.jpg,8
3886.jpg,8
3887.jpg,8
3888.jpg,8
3889.jpg,8
3890.jpg,8
3891.jpg,8
3892.jpg,8
3893.jpg,8
3894.jpg,8
3895.jpg,8
3896.jpg,8
3897.jpg,8
3898.jpg,8
3899.jpg,8
3900.jpg,8
3901.jpg,8
3902.jpg,8
3903.jpg,8
3904.jpg,8
3905.jpg,8
3906.jpg,8
3907.jpg,8
3908.jpg,8
3909.jpg,8
3910.jpg,8
3911.jpg,8
3912.jpg,8
3913.jpg,8
3914.jpg,8
3915.jpg,8
3916.jpg,8
3917.jpg,8
3918.jpg,8
3919.jpg,8
3920.jpg,8
3921.jpg,8
3922.jpg,8
3923.jpg,8
3924.jpg,8
3925.jpg,8
3926.jpg,8
3927.jpg,8
3928.jpg,8
3929.jpg,8
3930.jpg,8
3931.jpg,8
3932.jpg,8
3933.jpg,8
3934.jpg,8
3935.jpg,8
3936.jpg,8
3937.jpg,8
3938.jpg,8
3939.jpg,8
3940.jpg,8
3941.jpg,8
3942.jpg,8
3943.jpg,8
3944.jpg,8
3945.jpg,8
3946.jpg,8
3947.jpg,8
3948.jpg,8
3949.jpg,8
3950.jpg,8
3951.jpg,8
3952.jpg,8
3953.jpg,8
3954.jpg,8
3955.jpg,8
3956.jpg,8
3957.jpg,8
3958.jpg,8
3959.jpg,8
3960.jpg,8
3961.jpg,8
3962.jpg,8
3963.jpg,8
3964.jpg,8
3965.jpg,8
3966.jpg,8
3967.jpg,8
3968.jpg,8
3969.jpg,8
3970.jpg,8
3971.jpg,8
3972.jpg,8
3973.jpg,8
3974.jpg,8
3975.jpg,8
3976.jpg,8
3977.jpg,8
3978.jpg,8
3979.jpg,8
3980.jpg,8
3981.jpg,8
3982.jpg,8
3983.jpg,8
3984.jpg,8
3985.jpg,8
3986.jpg,8
3987.jpg,8
3988.jpg,8
3989.jpg,8
3990.jpg,8
3991.jpg,8
3992.jpg,8
3993.jpg,8
3994.jpg,8
3995.jpg,8
3996.jpg,8
3997.jpg,8
3998.jpg,8
3999.jpg,8
4000.jpg,8
4001.jpg,8
4002.jpg,8
4003.jpg,8
4004.jpg,8
4005.jpg,8
4006.jpg,8
4007.jpg,8
4008.jpg,8
4009.jpg,8
4010.jpg,8
4011.jpg,8
4012.jpg,8
4013.jpg,8
4014.jpg,8
4015.jpg,8
4016.jpg,8
4017.jpg,8
4018.jpg,8
4019.jpg,8
4020.jpg,8
4021.jpg,8
4022.jpg,8
4023.jpg,8
4024.jpg,8
4025.jpg,8
4026.jpg,8
4027.jpg,8
4028.jpg,8
4029.jpg,8
4030.jpg,8
4031.jpg,8
4032.jpg,8
4033.jpg,8
4034.jpg,8
4035.jpg,8
4036.jpg,8
4037.jpg,8
4038.jpg,8
4039.jpg,8
4040.jpg,8
4041.jpg,8
4042.jpg,8
4043.jpg,8
4044.jpg,8
4045.jpg,8
4046.jpg,8
4047.jpg,8
4048.jpg,8
4049.jpg,8
4050.jpg,8
4051.jpg,8
4052.jpg,8
4053.jpg,8
4054.jpg,8
4055.jpg,8
4056.jpg,8
4057.jpg,8
4058.jpg,8
4059.jpg,8
4060.jpg,8
4061.jpg,8
4062.jpg,8
4063.jpg,8
4064.jpg,8
4065.jpg,8
4066.jpg,8
4067.jpg,8
4068.jpg,8
4069.jpg,8
4070.jpg,8
4071.jpg,8
4072.jpg,8
4073.jpg,8
4074.jpg,8
4075.jpg,8
4076.jpg,8
4077.jpg,8
4078.jpg,8
4079.jpg,8
4080.jpg,8
4081.jpg,8
4082.jpg,8
4083.jpg,8
4084.jpg,8
4085.jpg,8
4086.jpg,8
4087.jpg,8
4088.jpg,8
4089.jpg,8
4090.jpg,8
4091.jpg,8
4092.jpg,8
4093.jpg,8
4094.jpg,8
4095.jpg,8
4096.jpg,8
4097.jpg,8
4098.jpg,8
4099.jpg,8
4100.jpg,8
4101.jpg,8
4102.jpg,8
4103.jpg,8
4104.jpg,8
4105.jpg,8
4106.jpg,8
4107.jpg,8
4108.jpg,8
4109.jpg,8
4110.jpg,8
4111.jpg,8
4112.jpg,8
4113.jpg,8
4114.jpg,8
4115.jpg,8
4116.jpg,8
4117.jpg,8
4118.jpg,8
4119.jpg,8
4120.jpg,8
4121.jpg,8
4122.jpg,8
4123.jpg,8
4124.jpg,8
4125.jpg,8
4126.jpg,8
4127.jpg,8
4128.jpg,8
4129.jpg,8
4130.jpg,8
4131.jpg,8
4132.jpg,8
4133.jpg,8
4134.jpg,8
4135.jpg,8
4136.jpg,8
4137.jpg,8
4138.jpg,8
4139.jpg,8
4140.jpg,8
4141.jpg,8
4142.jpg,8
4143.jpg,8
4144.jpg,8
4145.jpg,8
4146.jpg,8
4147.jpg,8
4148.jpg,8
4149.jpg,8
4150.jpg,8
4151.jpg,8
4152.jpg,8
4153.jpg,8
4154.jpg,8
4155.jpg,8
4156.jpg,8
4157.jpg,8
4158.jpg,8
4159.jpg,8
4160.jpg,8
4161.jpg,8
4162.jpg,8
4163.jpg,8
4164.jpg,8
4165.jpg,8
4166.jpg,8
4167.jpg,8
4168.jpg,8
4169.jpg,8
4170.jpg,8
4171.jpg,8
4172.jpg,8
4173.jpg,8
4174.jpg,8
4175.jpg,8
4176.jpg,8
4177.jpg,8
4178.jpg,8
4179.jpg,8
4180.jpg,8
4181.jpg,8
4182.jpg,8
4183.jpg,8
4184.jpg,8
4185.jpg,8
4186.jpg,8
4187.jpg,8
4188.jpg,8
4189.jpg,8
4190.jpg,8
4191.jpg,8
4192.jpg,8
4193.jpg,8
4194.jpg,8
4195.jpg,8
4196.jpg,8
4197.jpg,8
4198.jpg,8
4199.jpg,8
4200.jpg,8
4201.jpg,8
4202.jpg,9
4203.jpg,9
4204.jpg,9
4205.jpg,9
4206.jpg,9
4207.jpg,9
4208.jpg,9
4209.jpg,9
4210.jpg,9
4211.jpg,9
4212.jpg,9
4213.jpg,9
4214.jpg,9
4215.jpg,9
4216.jpg,9
4217.jpg,9
4218.jpg,9
4219.jpg,9
4220.jpg,9
4221.jpg,9
4222.jpg,9
4223.jpg,9
4224.jpg,9
4225.jpg,9
4226.jpg,9
4227.jpg,9
4228.jpg,9
4229.jpg,9
4230.jpg,9
4231.jpg,9
4232.jpg,9
4233.jpg,9
4234.jpg,9
4235.jpg,9
4236.jpg,9
4237.jpg,9
4238.jpg,9
4239.jpg,9
4240.jpg,9
4241.jpg,9
4242.jpg,9
4243.jpg,9
4244.jpg,9
4245.jpg,9
4246.jpg,9
4247.jpg,9
4248.jpg,9
4249.jpg,9
4250.jpg,9
4251.jpg,9
4252.jpg,9
4253.jpg,9
4254.jpg,9
4255.jpg,9
4256.jpg,9
4257.jpg,9
4258.jpg,9
4259.jpg,9
4260.jpg,9
4261.jpg,9
4262.jpg,9
4263.jpg,9
4264.jpg,9
4265.jpg,9
4266.jpg,9
4267.jpg,9
4268.jpg,9
4269.jpg,9
4270.jpg,9
4271.jpg,9
4272.jpg,9
4273.jpg,9
4274.jpg,9
4275.jpg,9
4276.jpg,9
4277.jpg,9
4278.jpg,9
4279.jpg,9
4280.jpg,9
4281.jpg,9
4282.jpg,9
4283.jpg,9
4284.jpg,9
4285.jpg,9
4286.jpg,9
4287.jpg,9
4288.jpg,9
4289.jpg,9
4290.jpg,9
4291.jpg,9
4292.jpg,9
4293.jpg,9
4294.jpg,9
4295.jpg,9
4296.jpg,9
4297.jpg,9
4298.jpg,9
4299.jpg,9
4300.jpg,9
4301.jpg,9
4302.jpg,9
4303.jpg,9
4304.jpg,9
4305.jpg,9
4306.jpg,9
4307.jpg,9
4308.jpg,9
4309.jpg,9
4310.jpg,9
4311.jpg,9
4312.jpg,9
4313.jpg,9
4314.jpg,9
4315.jpg,9
4316.jpg,9
4317.jpg,9
4318.jpg,9
4319.jpg,9
4320.jpg,9
4321.jpg,9
4322.jpg,9
4323.jpg,9
4324.jpg,9
4325.jpg,9
4326.jpg,9
4327.jpg,9
4328.jpg,9
4329.jpg,9
4330.jpg,9
4331.jpg,9
4332.jpg,9
4333.jpg,9
4334.jpg,9
4335.jpg,9
4336.jpg,9
4337.jpg,9
4338.jpg,9
4339.jpg,9
4340.jpg,9
4341.jpg,9
4342.jpg,9
4343.jpg,9
4344.jpg,9
4345.jpg,9
4346.jpg,9
4347.jpg,9
4348.jpg,9
4349.jpg,9
4350.jpg,9
4351.jpg,9
4352.jpg,9
4353.jpg,9
4354.jpg,9
4355.jpg,9
4356.jpg,9
4357.jpg,9
4358.jpg,9
4359.jpg,9
4360.jpg,9
4361.jpg,9
4362.jpg,9
4363.jpg,9
4364.jpg,9
4365.jpg,9
4366.jpg,9
4367.jpg,9
4368.jpg,9
4369.jpg,9
4370.jpg,9
4371.jpg,9
4372.jpg,9
4373.jpg,9
4374.jpg,9
4375.jpg,9
4376.jpg,9
4377.jpg,9
4378.jpg,9
4379.jpg,9
4380.jpg,9
4381.jpg,9
4382.jpg,9
4383.jpg,9
4384.jpg,9
4385.jpg,9
4386.jpg,9
4387.jpg,9
4388.jpg,9
4389.jpg,9
4390.jpg,9
4391.jpg,9
4392.jpg,9
4393.jpg,9
4394.jpg,9
4395.jpg,9
4396.jpg,9
4397.jpg,9
4398.jpg,9
4399.jpg,9
4400.jpg,9
4401.jpg,9
4402.jpg,9
4403.jpg,9
4404.jpg,9
4405.jpg,9
4406.jpg,9
4407.jpg,9
4408.jpg,9
4409.jpg,9
4410.jpg,9
4411.jpg,9
4412.jpg,9
4413.jpg,9
4414.jpg,9
4415.jpg,9
4416.jpg,9
4417.jpg,9
4418.jpg,9
4419.jpg,9
4420.jpg,9
4421.jpg,9
4422.jpg,9
4423.jpg,9
4424.jpg,9
4425.jpg,9
4426.jpg,9
4427.jpg,9
4428.jpg,9
4429.jpg,9
4430.jpg,9
4431.jpg,9
4432.jpg,9
4433.jpg,9
4434.jpg,9
4435.jpg,9
4436.jpg,9
4437.jpg,9
4438.jpg,9
4439.jpg,9
4440.jpg,9
4441.jpg,9
4442.jpg,9
4443.jpg,9
4444.jpg,9
4445.jpg,9
4446.jpg,9
4447.jpg,9
4448.jpg,9
4449.jpg,9
4450.jpg,9
4451.jpg,9
4452.jpg,9
4453.jpg,9
4454.jpg,9
4455.jpg,9
4456.jpg,9
4457.jpg,9
4458.jpg,9
4459.jpg,9
4460.jpg,9
4461.jpg,9
4462.jpg,9
4463.jpg,9
4464.jpg,9
4465.jpg,9
4466.jpg,9
4467.jpg,9
4468.jpg,9
4469.jpg,9
4470.jpg,9
4471.jpg,9
4472.jpg,9
4473.jpg,9
4474.jpg,9
4475.jpg,9
4476.jpg,9
4477.jpg,9
4478.jpg,9
4479.jpg,9
4480.jpg,9
4481.jpg,9
4482.jpg,9
4483.jpg,9
4484.jpg,9
4485.jpg,9
4486.jpg,9
4487.jpg,9
4488.jpg,9
4489.jpg,9
4490.jpg,9
4491.jpg,9
4492.jpg,9
4493.jpg,9
4494.jpg,9
4495.jpg,9
4496.jpg,9
4497.jpg,9
4498.jpg,9
4499.jpg,9
4500.jpg,9
4501.jpg,9
4502.jpg,9
4503.jpg,9
4504.jpg,9
4505.jpg,9
4506.jpg,9
4507.jpg,9
4508.jpg,9
4509.jpg,9
4510.jpg,9
4511.jpg,9
4512.jpg,9
4513.jpg,9
4514.jpg,9
4515.jpg,9
4516.jpg,9
4517.jpg,9
4518.jpg,9
4519.jpg,9
4520.jpg,9
4521.jpg,9
4522.jpg,9
4523.jpg,9
4524.jpg,9
4525.jpg,9
4526.jpg,9
4527.jpg,9
4528.jpg,9
4529.jpg,9
4530.jpg,9
4531.jpg,9
4532.jpg,9
4533.jpg,9
4534.jpg,9
4535.jpg,9
4536.jpg,9
4537.jpg,9
4538.jpg,9
4539.jpg,9
4540.jpg,9
4541.jpg,9
4542.jpg,9
4543.jpg,9
4544.jpg,9
4545.jpg,9
4546.jpg,9
4547.jpg,9
4548.jpg,9
4549.jpg,9
4550.jpg,9
4551.jpg,9
4552.jpg,9
4553.jpg,9
4554.jpg,9
4555.jpg,9
4556.jpg,9
4557.jpg,9
4558.jpg,9
4559.jpg,9
4560.jpg,9
4561.jpg,9
4562.jpg,9
4563.jpg,9
4564.jpg,9
4565.jpg,9
4566.jpg,9
4567.jpg,9
4568.jpg,9
4569.jpg,9
4570.jpg,9
4571.jpg,9
4572.jpg,9
4573.jpg,9
4574.jpg,9
4575.jpg,9
4576.jpg,9
4577.jpg,9
4578.jpg,9
4579.jpg,9
4580.jpg,9
4581.jpg,9
4582.jpg,9
4583.jpg,9
4584.jpg,9
4585.jpg,9
4586.jpg,9
4587.jpg,9
4588.jpg,9
4589.jpg,9
4590.jpg,9
4591.jpg,9
4592.jpg,9
4593.jpg,9
4594.jpg,9
4595.jpg,9
4596.jpg,9
4597.jpg,9
4598.jpg,9
4599.jpg,9
4600.jpg,9
4601.jpg,9
4602.jpg,9
4603.jpg,10
4604.jpg,10
4605.jpg,10
4606.jpg,10
4607.jpg,10
4608.jpg,10
4609.jpg,10
4610.jpg,10
4611.jpg,10
4612.jpg,10
4613.jpg,10
4614.jpg,10
4615.jpg,10
4616.jpg,10
4617.jpg,10
4618.jpg,10
4619.jpg,10
4620.jpg,10
4621.jpg,10
4622.jpg,10
4623.jpg,10
4624.jpg,10
4625.jpg,10
4626.jpg,10
4627.jpg,10
4628.jpg,10
4629.jpg,10
4630.jpg,10
4631.jpg,10
4632.jpg,10
4633.jpg,10
4634.jpg,10
4635.jpg,10
4636.jpg,10
4637.jpg,10
4638.jpg,10
4639.jpg,10
4640.jpg,10
4641.jpg,10
4642.jpg,10
4643.jpg,10
4644.jpg,10
4645.jpg,10
4646.jpg,10
4647.jpg,10
4648.jpg,10
4649.jpg,10
4650.jpg,10
4651.jpg,10
4652.jpg,10
4653.jpg,10
4654.jpg,10
4655.jpg,10
4656.jpg,10
4657.jpg,10
4658.jpg,10
4659.jpg,10
4660.jpg,10
4661.jpg,10
4662.jpg,10
4663.jpg,10
4664.jpg,10
4665.jpg,10
4666.jpg,10
4667.jpg,10
4668.jpg,10
4669.jpg,10
4670.jpg,10
4671.jpg,10
4672.jpg,10
4673.jpg,10
4674.jpg,10
4675.jpg,10
4676.jpg,10
4677.jpg,10
4678.jpg,10
4679.jpg,10
4680.jpg,10
4681.jpg,10
4682.jpg,10
4683.jpg,10
4684.jpg,10
4685.jpg,10
4686.jpg,10
4687.jpg,10
4688.jpg,10
4689.jpg,10
4690.jpg,10
4691.jpg,10
4692.jpg,10
4693.jpg,10
4694.jpg,10
4695.jpg,10
4696.jpg,10
4697.jpg,10
4698.jpg,10
4699.jpg,10
4700.jpg,10
4701.jpg,10
4702.jpg,10
4703.jpg,10
4704.jpg,10
4705.jpg,10
4706.jpg,10
4707.jpg,10
4708.jpg,10
4709.jpg,10
4710.jpg,10
4711.jpg,10
4712.jpg,10
4713.jpg,10
4714.jpg,10
4715.jpg,10
4716.jpg,10
4717.jpg,10
4718.jpg,10
4719.jpg,10
4720.jpg,10
4721.jpg,10
4722.jpg,10
4723.jpg,10
4724.jpg,10
4725.jpg,10
4726.jpg,10
4727.jpg,10
4728.jpg,10
4729.jpg,10
4730.jpg,10
4731.jpg,10
4732.jpg,10
4733.jpg,10
4734.jpg,10
4735.jpg,10
4736.jpg,10
4737.jpg,10
4738.jpg,10
4739.jpg,10
4740.jpg,10
4741.jpg,10
4742.jpg,10
4743.jpg,10
4744.jpg,10
4745.jpg,10
4746.jpg,10
4747.jpg,10
4748.jpg,10
4749.jpg,10
4750.jpg,10
4751.jpg,10
4752.jpg,10
4753.jpg,10
4754.jpg,10
4755.jpg,10
4756.jpg,10
4757.jpg,10
4758.jpg,10
4759.jpg,10
4760.jpg,10
4761.jpg,10
4762.jpg,10
4763.jpg,10
4764.jpg,10
4765.jpg,10
4766.jpg,10
4767.jpg,10
4768.jpg,10
4769.jpg,10
4770.jpg,10
4771.jpg,10
4772.jpg,10
4773.jpg,10
4774.jpg,10
4775.jpg,10
4776.jpg,10
4777.jpg,10
4778.jpg,10
4779.jpg,10
4780.jpg,10
4781.jpg,10
4782.jpg,10
4783.jpg,10
4784.jpg,10
4785.jpg,10
4786.jpg,10
4787.jpg,10
4788.jpg,10
4789.jpg,10
4790.jpg,10
4791.jpg,10
4792.jpg,10
4793.jpg,10
4794.jpg,10
4795.jpg,10
4796.jpg,10
4797.jpg,10
4798.jpg,10
4799.jpg,10
4800.jpg,10
4801.jpg,10
4802.jpg,10
4803.jpg,10
4804.jpg,10
4805.jpg,10
4806.jpg,10
4807.jpg,10
4808.jpg,10
4809.jpg,10
4810.jpg,10
4811.jpg,10
4812.jpg,10
4813.jpg,10
4814.jpg,10
4815.jpg,10
4816.jpg,10
4817.jpg,10
4818.jpg,10
4819.jpg,10
4820.jpg,10
4821.jpg,10
4822.jpg,10
4823.jpg,10
4824.jpg,10
4825.jpg,10
4826.jpg,10
4827.jpg,10
4828.jpg,10
4829.jpg,10
4830.jpg,10
4831.jpg,10
4832.jpg,10
4833.jpg,10
4834.jpg,10
4835.jpg,10
4836.jpg,10
4837.jpg,10
4838.jpg,10
4839.jpg,10
4840.jpg,10
4841.jpg,10
4842.jpg,10
4843.jpg,10
4844.jpg,10
4845.jpg,10
4846.jpg,10
4847.jpg,10
4848.jpg,10
4849.jpg,10
4850.jpg,10
4851.jpg,10
4852.jpg,10
4853.jpg,10
4854.jpg,10
4855.jpg,10
4856.jpg,10
4857.jpg,10
4858.jpg,10
4859.jpg,10
4860.jpg,10
4861.jpg,10
4862.jpg,10
4863.jpg,10
4864.jpg,10
4865.jpg,10
4866.jpg,10
4867.jpg,10
4868.jpg,10
4869.jpg,10
4870.jpg,10
4871.jpg,10
4872.jpg,10
4873.jpg,10
4874.jpg,10
4875.jpg,10
4876.jpg,10
4877.jpg,10
4878.jpg,10
4879.jpg,10
4880.jpg,10
4881.jpg,10
4882.jpg,10
4883.jpg,10
4884.jpg,10
4885.jpg,10
4886.jpg,10
4887.jpg,10
4888.jpg,10
4889.jpg,10
4890.jpg,10
4891.jpg,10
4892.jpg,10
4893.jpg,10
4894.jpg,10
4895.jpg,10
4896.jpg,10
4897.jpg,10
4898.jpg,10
4899.jpg,10
4900.jpg,10
4901.jpg,10
4902.jpg,10
4903.jpg,10
4904.jpg,10
4905.jpg,10
4906.jpg,10
4907.jpg,10
4908.jpg,10
4909.jpg,10
4910.jpg,10
4911.jpg,10
4912.jpg,10
4913.jpg,10
4914.jpg,10
4915.jpg,10
4916.jpg,10
4917.jpg,10
4918.jpg,10
4919.jpg,10
4920.jpg,10
4921.jpg,10
4922.jpg,10
4923.jpg,10
4924.jpg,10
4925.jpg,10
4926.jpg,10
4927.jpg,10
4928.jpg,10
4929.jpg,10
4930.jpg,10
4931.jpg,10
4932.jpg,10
4933.jpg,10
4934.jpg,10
4935.jpg,10
4936.jpg,10
4937.jpg,10
4938.jpg,10
4939.jpg,10
4940.jpg,10
4941.jpg,10
4942.jpg,10
4943.jpg,10
4944.jpg,10
4945.jpg,10
4946.jpg,10
4947.jpg,10
4948.jpg,10
4949.jpg,10
4950.jpg,10
4951.jpg,10
4952.jpg,10
4953.jpg,10
4954.jpg,10
4955.jpg,10
4956.jpg,10
4957.jpg,10
4958.jpg,10
4959.jpg,10
4960.jpg,10
4961.jpg,10
4962.jpg,10
4963.jpg,10
4964.jpg,10
4965.jpg,10
4966.jpg,10
4967.jpg,10
4968.jpg,10
4969.jpg,10
4970.jpg,10
4971.jpg,10
4972.jpg,10
4973.jpg,10
4974.jpg,10
4975.jpg,10
4976.jpg,10
4977.jpg,10
4978.jpg,10
4979.jpg,10
4980.jpg,10
4981.jpg,10
4982.jpg,10
4983.jpg,10
4984.jpg,10
4985.jpg,10
4986.jpg,10
4987.jpg,10
4988.jpg,10
4989.jpg,10
4990.jpg,10
4991.jpg,10
4992.jpg,10
4993.jpg,10
4994.jpg,10
4995.jpg,10
4996.jpg,10
4997.jpg,10
4998.jpg,10
4999.jpg,10
5000.jpg,10
5001.jpg,10
5002.jpg,10
5003.jpg,10
5004.jpg,10
5005.jpg,10
5006.jpg,10
5007.jpg,10
5008.jpg,10
5009.jpg,10
5010.jpg,10
5011.jpg,10
5012.jpg,10
5013.jpg,10
5014.jpg,10
5015.jpg,10
5016.jpg,10
5017.jpg,10
5018.jpg,10
5019.jpg,10
5020.jpg,10
5021.jpg,10
5022.jpg,10
5023.jpg,10
5024.jpg,10
5025.jpg,10
5026.jpg,10
5027.jpg,10
5028.jpg,10
5029.jpg,10
5030.jpg,10
5031.jpg,10
5032.jpg,10
5033.jpg,10
5034.jpg,10
5035.jpg,10
5036.jpg,10
5037.jpg,10
5038.jpg,10
5039.jpg,10
5040.jpg,10
5041.jpg,10
5042.jpg,10
5043.jpg,10
5044.jpg,10
5045.jpg,10
5046.jpg,11
5047.jpg,11
5048.jpg,11
5049.jpg,11
5050.jpg,11
5051.jpg,11
5052.jpg,11
5053.jpg,11
5054.jpg,11
5055.jpg,11
5056.jpg,11
5057.jpg,11
5058.jpg,11
5059.jpg,11
5060.jpg,11
5061.jpg,11
5062.jpg,11
5063.jpg,11
5064.jpg,11
5065.jpg,11
5066.jpg,11
5067.jpg,11
5068.jpg,11
5069.jpg,11
5070.jpg,11
5071.jpg,11
5072.jpg,11
5073.jpg,11
5074.jpg,11
5075.jpg,11
5076.jpg,11
5077.jpg,11
5078.jpg,11
5079.jpg,11
5080.jpg,11
5081.jpg,11
5082.jpg,11
5083.jpg,11
5084.jpg,11
5085.jpg,11
5086.jpg,11
5087.jpg,11
5088.jpg,11
5089.jpg,11
5090.jpg,11
5091.jpg,11
5092.jpg,11
5093.jpg,11
5094.jpg,11
5095.jpg,11
5096.jpg,11
5097.jpg,11
5098.jpg,11
5099.jpg,11
5100.jpg,11
5101.jpg,11
5102.jpg,11
5103.jpg,11
5104.jpg,11
5105.jpg,11
5106.jpg,11
5107.jpg,11
5108.jpg,11
5109.jpg,11
5110.jpg,11
5111.jpg,11
5112.jpg,11
5113.jpg,11
5114.jpg,11
5115.jpg,11
5116.jpg,11
5117.jpg,11
5118.jpg,11
5119.jpg,11
5120.jpg,11
5121.jpg,11
5122.jpg,11
5123.jpg,11
5124.jpg,11
5125.jpg,11
5126.jpg,11
5127.jpg,11
5128.jpg,11
5129.jpg,11
5130.jpg,11
5131.jpg,11
5132.jpg,11
5133.jpg,11
5134.jpg,11
5135.jpg,11
5136.jpg,11
5137.jpg,11
5138.jpg,11
5139.jpg,11
5140.jpg,11
5141.jpg,11
5142.jpg,11
5143.jpg,11
5144.jpg,11
5145.jpg,11
5146.jpg,11
5147.jpg,11
5148.jpg,11
5149.jpg,11
5150.jpg,11
5151.jpg,11
5152.jpg,11
5153.jpg,11
5154.jpg,11
5155.jpg,11
5156.jpg,11
5157.jpg,11
5158.jpg,11
5159.jpg,11
5160.jpg,11
5161.jpg,11
5162.jpg,11
5163.jpg,11
5164.jpg,11
5165.jpg,11
5166.jpg,11
5167.jpg,11
5168.jpg,11
5169.jpg,11
5170.jpg,11
5171.jpg,11
5172.jpg,11
5173.jpg,11
5174.jpg,11
5175.jpg,11
5176.jpg,11
5177.jpg,11
5178.jpg,11
5179.jpg,11
5180.jpg,11
5181.jpg,11
5182.jpg,11
5183.jpg,11
5184.jpg,11
5185.jpg,11
5186.jpg,11
5187.jpg,11
5188.jpg,11
5189.jpg,11
5190.jpg,11
5191.jpg,11
5192.jpg,11
5193.jpg,11
5194.jpg,11
5195.jpg,11
5196.jpg,11
5197.jpg,11
5198.jpg,11
5199.jpg,11
5200.jpg,11
5201.jpg,11
5202.jpg,11
5203.jpg,11
5204.jpg,11
5205.jpg,11
5206.jpg,11
5207.jpg,11
5208.jpg,11
5209.jpg,11
5210.jpg,11
5211.jpg,11
5212.jpg,11
5213.jpg,11
5214.jpg,11
5215.jpg,11
5216.jpg,11
5217.jpg,11
5218.jpg,11
5219.jpg,11
5220.jpg,11
5221.jpg,11
5222.jpg,11
5223.jpg,11
5224.jpg,11
5225.jpg,11
5226.jpg,11
5227.jpg,11
5228.jpg,11
5229.jpg,11
5230.jpg,11
5231.jpg,11
5232.jpg,11
5233.jpg,11
5234.jpg,11
5235.jpg,11
5236.jpg,11
5237.jpg,11
5238.jpg,11
5239.jpg,11
5240.jpg,11
5241.jpg,11
5242.jpg,11
5243.jpg,11
5244.jpg,11
5245.jpg,11
5246.jpg,11
5247.jpg,11
5248.jpg,11
5249.jpg,11
5250.jpg,11
5251.jpg,11
5252.jpg,11
5253.jpg,11
5254.jpg,11
5255.jpg,11
5256.jpg,11
5257.jpg,11
5258.jpg,11
5259.jpg,11
5260.jpg,11
5261.jpg,11
5262.jpg,11
5263.jpg,11
5264.jpg,11
5265.jpg,11
5266.jpg,11
5267.jpg,11
5268.jpg,11
5269.jpg,11
5270.jpg,11
5271.jpg,11
5272.jpg,11
5273.jpg,11
5274.jpg,11
5275.jpg,11
5276.jpg,11
5277.jpg,11
5278.jpg,11
5279.jpg,11
5280.jpg,11
5281.jpg,11
5282.jpg,11
5283.jpg,11
5284.jpg,11
5285.jpg,11
5286.jpg,11
5287.jpg,11
5288.jpg,11
5289.jpg,11
5290.jpg,11
5291.jpg,11
5292.jpg,11
5293.jpg,11
5294.jpg,11
5295.jpg,11
5296.jpg,11
5297.jpg,11
5298.jpg,11
5299.jpg,11
5300.jpg,11
5301.jpg,11
5302.jpg,11
5303.jpg,11
5304.jpg,11
5305.jpg,11
5306.jpg,11
5307.jpg,11
5308.jpg,11
5309.jpg,11
5310.jpg,11
5311.jpg,11
5312.jpg,11
5313.jpg,11
5314.jpg,11
5315.jpg,11
5316.jpg,11
5317.jpg,11
5318.jpg,11
5319.jpg,11
5320.jpg,11
5321.jpg,11
5322.jpg,11
5323.jpg,11
5324.jpg,11
5325.jpg,11
5326.jpg,11
5327.jpg,11
5328.jpg,11
5329.jpg,11
5330.jpg,11
5331.jpg,11
5332.jpg,11
5333.jpg,11
5334.jpg,11
5335.jpg,11
5336.jpg,11
5337.jpg,11
5338.jpg,11
5339.jpg,11
5340.jpg,11
5341.jpg,11
5342.jpg,11
5343.jpg,11
5344.jpg,11
5345.jpg,11
5346.jpg,11
5347.jpg,11
5348.jpg,11
5349.jpg,11
5350.jpg,11
5351.jpg,11
5352.jpg,11
5353.jpg,11
5354.jpg,11
5355.jpg,11
5356.jpg,11
5357.jpg,11
5358.jpg,11
5359.jpg,11
5360.jpg,11
5361.jpg,11
5362.jpg,11
5363.jpg,11
5364.jpg,11
5365.jpg,11
5366.jpg,11
5367.jpg,11
5368.jpg,11
5369.jpg,11
5370.jpg,11
5371.jpg,11
5372.jpg,11
5373.jpg,11
5374.jpg,11
5375.jpg,11
5376.jpg,11
5377.jpg,11
5378.jpg,11
5379.jpg,11
5380.jpg,11
5381.jpg,11
5382.jpg,11
5383.jpg,11
5384.jpg,11
5385.jpg,11
5386.jpg,11
5387.jpg,11
5388.jpg,11
5389.jpg,11
5390.jpg,11
5391.jpg,11
5392.jpg,11
5393.jpg,11
5394.jpg,11
5395.jpg,11
5396.jpg,11
5397.jpg,11
5398.jpg,11
5399.jpg,11
5400.jpg,11
5401.jpg,11
5402.jpg,11
5403.jpg,11
5404.jpg,11
5405.jpg,11
5406.jpg,11
5407.jpg,11
5408.jpg,11
5409.jpg,11
5410.jpg,11
5411.jpg,11
5412.jpg,11
5413.jpg,11
5414.jpg,11
5415.jpg,11
5416.jpg,11
5417.jpg,11
5418.jpg,11
5419.jpg,11
5420.jpg,11
5421.jpg,11
5422.jpg,11
5423.jpg,11
5424.jpg,11
5425.jpg,11
5426.jpg,11
5427.jpg,11
5428.jpg,11
5429.jpg,11
5430.jpg,11
5431.jpg,11
5432.jpg,11
5433.jpg,11
5434.jpg,11
5435.jpg,11
5436.jpg,11
5437.jpg,11
5438.jpg,11
5439.jpg,11
5440.jpg,11
5441.jpg,11
5442.jpg,11
5443.jpg,11
5444.jpg,11
5445.jpg,11
5446.jpg,11
5447.jpg,11
5448.jpg,11
5449.jpg,11
5450.jpg,11
5451.jpg,11
5452.jpg,11
5453.jpg,11
5454.jpg,11
5455.jpg,11
5456.jpg,11
5457.jpg,11
5458.jpg,11
5459.jpg,11
5460.jpg,11
5461.jpg,11
5462.jpg,11
5463.jpg,11
5464.jpg,11
5465.jpg,11
5466.jpg,11
5467.jpg,11
5468.jpg,11
5469.jpg,11
5470.jpg,11
5471.jpg,11
5472.jpg,11
5473.jpg,11
5474.jpg,11
5475.jpg,11
5476.jpg,11
5477.jpg,11
5478.jpg,11
5479.jpg,11
5480.jpg,11
5481.jpg,11
5482.jpg,11
5483.jpg,11
5484.jpg,11
5485.jpg,11
5486.jpg,11
5487.jpg,11
5488.jpg,11
5489.jpg,11
5490.jpg,11
5491.jpg,11
5492.jpg,11
5493.jpg,11
5494.jpg,11
5495.jpg,11
5496.jpg,11
5497.jpg,11
5498.jpg,11
5499.jpg,11
5500.jpg,11
5501.jpg,11
5502.jpg,11
5503.jpg,11
5504.jpg,11
5505.jpg,11
5506.jpg,11
5507.jpg,11
5508.jpg,11
5509.jpg,11
5510.jpg,11
5511.jpg,11
5512.jpg,11
5513.jpg,11
5514.jpg,11
5515.jpg,11
5516.jpg,11
5517.jpg,11
5518.jpg,11
5519.jpg,11
5520.jpg,11
5521.jpg,11
5522.jpg,11
5523.jpg,11
5524.jpg,11
5525.jpg,11
5526.jpg,11
5527.jpg,11
5528.jpg,11
5529.jpg,11
5530.jpg,11
5531.jpg,11
5532.jpg,11
5533.jpg,11
5534.jpg,11
5535.jpg,11
5536.jpg,11
5537.jpg,11
5538.jpg,11
5539.jpg,11
5540.jpg,11
5541.jpg,11
5542.jpg,11
5543.jpg,11
5544.jpg,11
5545.jpg,11
5546.jpg,11
5547.jpg,11
5548.jpg,11
5549.jpg,11
5550.jpg,11
5551.jpg,11
5552.jpg,11
5553.jpg,11
5554.jpg,11
5555.jpg,11
5556.jpg,11
5557.jpg,11
5558.jpg,11
5559.jpg,11
5560.jpg,11
5561.jpg,11
5562.jpg,11
5563.jpg,11
5564.jpg,11
5565.jpg,11
5566.jpg,11
5567.jpg,11
5568.jpg,11
5569.jpg,11
5570.jpg,11
5571.jpg,11
5572.jpg,11
5573.jpg,11
5574.jpg,11
5575.jpg,11
5576.jpg,11
5577.jpg,11
5578.jpg,11
5579.jpg,11
5580.jpg,11
5581.jpg,11
5582.jpg,11
5583.jpg,11
5584.jpg,11
5585.jpg,11
5586.jpg,11
5587.jpg,11
5588.jpg,11
5589.jpg,11
5590.jpg,11
5591.jpg,11
5592.jpg,11
5593.jpg,11
5594.jpg,11
5595.jpg,11
5596.jpg,11
5597.jpg,11
5598.jpg,11
5599.jpg,11
5600.jpg,11
5601.jpg,11
5602.jpg,11
5603.jpg,11
5604.jpg,11
5605.jpg,11
5606.jpg,11
5607.jpg,11
5608.jpg,11
5609.jpg,11
5610.jpg,11
5611.jpg,11
5612.jpg,11
5613.jpg,11
5614.jpg,11
5615.jpg,11
5616.jpg,11
5617.jpg,11
5618.jpg,11
5619.jpg,11
5620.jpg,11
5621.jpg,11
5622.jpg,11
5623.jpg,11
5624.jpg,11
5625.jpg,11
5626.jpg,11
5627.jpg,11
5628.jpg,11
5629.jpg,11
5630.jpg,11
5631.jpg,11
5632.jpg,11
5633.jpg,11
5634.jpg,11
5635.jpg,11
5636.jpg,11
5637.jpg,11
5638.jpg,11
5639.jpg,11
5640.jpg,11
5641.jpg,11
5642.jpg,11
5643.jpg,11
5644.jpg,11
5645.jpg,11
5646.jpg,11
5647.jpg,11
5648.jpg,11
5649.jpg,11
5650.jpg,11
5651.jpg,11
5652.jpg,11
5653.jpg,11
5654.jpg,11
5655.jpg,11
5656.jpg,11
5657.jpg,11
5658.jpg,11
5659.jpg,11
5660.jpg,11
5661.jpg,11
5662.jpg,11
5663.jpg,11
5664.jpg,11
5665.jpg,11
5666.jpg,11
5667.jpg,11
5668.jpg,11
5669.jpg,11
5670.jpg,11
5671.jpg,11
5672.jpg,11
5673.jpg,11
5674.jpg,11
5675.jpg,11
5676.jpg,11
5677.jpg,11
5678.jpg,11
5679.jpg,11
5680.jpg,11
5681.jpg,11
5682.jpg,11
5683.jpg,11
5684.jpg,11
5685.jpg,11
5686.jpg,11
5687.jpg,11
5688.jpg,11
5689.jpg,11
5690.jpg,11
5691.jpg,11
5692.jpg,11
5693.jpg,11
5694.jpg,11
5695.jpg,11
5696.jpg,11
5697.jpg,11
5698.jpg,11
5699.jpg,11
5700.jpg,11
5701.jpg,11
5702.jpg,11
5703.jpg,11
5704.jpg,11
5705.jpg,11
5706.jpg,11
5707.jpg,11
5708.jpg,11
5709.jpg,11
5710.jpg,11
5711.jpg,11
5712.jpg,11
5713.jpg,11
5714.jpg,11
5715.jpg,11
5716.jpg,11
5717.jpg,11
5718.jpg,11
5719.jpg,11
5720.jpg,11
5721.jpg,11
5722.jpg,11
5723.jpg,11
5724.jpg,11
5725.jpg,11
5726.jpg,11
5727.jpg,11
5728.jpg,11
5729.jpg,11
5730.jpg,11
5731.jpg,11
5732.jpg,11
5733.jpg,11
5734.jpg,11
5735.jpg,11
5736.jpg,11
5737.jpg,11
5738.jpg,11
5739.jpg,11
5740.jpg,11
5741.jpg,11
5742.jpg,11
5743.jpg,11
5744.jpg,11
5745.jpg,11
5746.jpg,11
5747.jpg,11
5748.jpg,11
5749.jpg,11
5750.jpg,11
5751.jpg,11
5752.jpg,11
5753.jpg,11
5754.jpg,11
5755.jpg,11
5756.jpg,11
5757.jpg,11
5758.jpg,11
5759.jpg,11
5760.jpg,11
5761.jpg,11
5762.jpg,11
5763.jpg,11
5764.jpg,11
5765.jpg,11
5766.jpg,11
5767.jpg,11
5768.jpg,11
5769.jpg,11
5770.jpg,11
5771.jpg,11
5772.jpg,11
5773.jpg,11
5774.jpg,11
5775.jpg,11
5776.jpg,11
5777.jpg,11
5778.jpg,11
5779.jpg,11
5780.jpg,11
5781.jpg,11
5782.jpg,11
5783.jpg,11
5784.jpg,11
5785.jpg,11
5786.jpg,11
5787.jpg,11
5788.jpg,11
5789.jpg,11
5790.jpg,11
5791.jpg,11
5792.jpg,11
5793.jpg,11
5794.jpg,11
5795.jpg,11
5796.jpg,11
5797.jpg,11
5798.jpg,11
5799.jpg,11
5800.jpg,11
5801.jpg,11
5802.jpg,11
5803.jpg,11
5804.jpg,11
5805.jpg,11
5806.jpg,11
5807.jpg,11
5808.jpg,11
5809.jpg,11
5810.jpg,11
5811.jpg,11
5812.jpg,11
5813.jpg,11
5814.jpg,11
5815.jpg,11
5816.jpg,11
5817.jpg,11
5818.jpg,11
5819.jpg,11
5820.jpg,11
5821.jpg,11
5822.jpg,11
5823.jpg,11
5824.jpg,11
5825.jpg,11
5826.jpg,11
5827.jpg,11
5828.jpg,11
5829.jpg,11
5830.jpg,11
5831.jpg,11
5832.jpg,11
5833.jpg,11
5834.jpg,11
5835.jpg,11
5836.jpg,11
5837.jpg,11
5838.jpg,11
5839.jpg,11
5840.jpg,11
5841.jpg,11
5842.jpg,11
5843.jpg,11
5844.jpg,11
5845.jpg,11
5846.jpg,11
5847.jpg,11
5848.jpg,11
5849.jpg,11
5850.jpg,11
5851.jpg,11
5852.jpg,11
5853.jpg,11
5854.jpg,11
5855.jpg,11
5856.jpg,11
5857.jpg,11
5858.jpg,11
5859.jpg,11
5860.jpg,11
5861.jpg,11
5862.jpg,11
5863.jpg,11
5864.jpg,11
5865.jpg,11
5866.jpg,11
5867.jpg,11
5868.jpg,11
5869.jpg,11
5870.jpg,11
5871.jpg,11
5872.jpg,11
5873.jpg,11
5874.jpg,11
5875.jpg,11
5876.jpg,11
5877.jpg,11
5878.jpg,11
5879.jpg,11
5880.jpg,11
5881.jpg,11
5882.jpg,11
5883.jpg,11
5884.jpg,11
5885.jpg,11
5886.jpg,11
5887.jpg,11
5888.jpg,11
5889.jpg,11
5890.jpg,11
5891.jpg,11
5892.jpg,11
5893.jpg,11
5894.jpg,11
5895.jpg,11
5896.jpg,11
5897.jpg,11
5898.jpg,11
5899.jpg,11
5900.jpg,11
5901.jpg,11
5902.jpg,11
5903.jpg,11
5904.jpg,11
5905.jpg,11
5906.jpg,11
5907.jpg,11
5908.jpg,11
5909.jpg,11
5910.jpg,11
5911.jpg,11
5912.jpg,11
5913.jpg,11
5914.jpg,11
5915.jpg,11
5916.jpg,11
5917.jpg,11
5918.jpg,11
5919.jpg,11
5920.jpg,11
5921.jpg,11
5922.jpg,11
5923.jpg,11
5924.jpg,11
5925.jpg,11
5926.jpg,11
5927.jpg,11
5928.jpg,11
5929.jpg,11
5930.jpg,11
5931.jpg,11
5932.jpg,11
5933.jpg,11
5934.jpg,11
5935.jpg,11
5936.jpg,11
5937.jpg,11
5938.jpg,11
5939.jpg,11
5940.jpg,11
5941.jpg,11
5942.jpg,11
5943.jpg,11
5944.jpg,11
5945.jpg,11
5946.jpg,11
5947.jpg,11
5948.jpg,11
5949.jpg,11
5950.jpg,11
5951.jpg,11
5952.jpg,11
5953.jpg,11
5954.jpg,11
5955.jpg,11
5956.jpg,11
5957.jpg,11
5958.jpg,11
5959.jpg,11
5960.jpg,11
5961.jpg,11
5962.jpg,11
5963.jpg,11
5964.jpg,11
5965.jpg,11
5966.jpg,11
5967.jpg,11
5968.jpg,11
5969.jpg,11
5970.jpg,11
5971.jpg,11
5972.jpg,11
5973.jpg,11
5974.jpg,11
5975.jpg,11
5976.jpg,11
5977.jpg,11
5978.jpg,11
5979.jpg,11
5980.jpg,11
5981.jpg,11
5982.jpg,11
5983.jpg,11
5984.jpg,11
5985.jpg,11
5986.jpg,11
5987.jpg,11
5988.jpg,11
5989.jpg,11
5990.jpg,11
5991.jpg,11
5992.jpg,11
5993.jpg,11
5994.jpg,11
5995.jpg,11
5996.jpg,11
5997.jpg,11
5998.jpg,11
5999.jpg,11
6000.jpg,11
6001.jpg,11
6002.jpg,11
6003.jpg,11
6004.jpg,11
6005.jpg,11
6006.jpg,11
6007.jpg,11
6008.jpg,11
6009.jpg,11
6010.jpg,11
6011.jpg,11
6012.jpg,11
6013.jpg,11
6014.jpg,11
6015.jpg,11
6016.jpg,11
6017.jpg,11
6018.jpg,11
6019.jpg,11
6020.jpg,11
6021.jpg,11
6022.jpg,11
6023.jpg,11
6024.jpg,11
6025.jpg,11
6026.jpg,11
6027.jpg,11
6028.jpg,11
6029.jpg,11
6030.jpg,11
6031.jpg,11
6032.jpg,11
6033.jpg,11
6034.jpg,11
6035.jpg,11
6036.jpg,11
6037.jpg,11
6038.jpg,11
6039.jpg,11
6040.jpg,11
6041.jpg,11
6042.jpg,11
6043.jpg,11
6044.jpg,11
6045.jpg,11
6046.jpg,11
6047.jpg,11
6048.jpg,11
6049.jpg,11
6050.jpg,11
6051.jpg,11
6052.jpg,11
6053.jpg,11
6054.jpg,11
6055.jpg,11
6056.jpg,11
6057.jpg,11
6058.jpg,11
6059.jpg,11
6060.jpg,11
6061.jpg,11
6062.jpg,11
6063.jpg,11
6064.jpg,11
6065.jpg,11
6066.jpg,11
6067.jpg,11
6068.jpg,11
6069.jpg,11
6070.jpg,11
6071.jpg,11
6072.jpg,11
6073.jpg,11
6074.jpg,11
6075.jpg,11
6076.jpg,11
6077.jpg,11
6078.jpg,11
6079.jpg,11
6080.jpg,11
6081.jpg,11
6082.jpg,11
6083.jpg,11
6084.jpg,11
6085.jpg,11
6086.jpg,11
6087.jpg,11
6088.jpg,11
6089.jpg,11
6090.jpg,11
6091.jpg,11
6092.jpg,11
6093.jpg,11
6094.jpg,11
6095.jpg,11
6096.jpg,11
6097.jpg,11
6098.jpg,11
6099.jpg,11
6100.jpg,11
6101.jpg,11
6102.jpg,11
6103.jpg,11
6104.jpg,11
6105.jpg,11
6106.jpg,11
6107.jpg,11
6108.jpg,11
6109.jpg,11
6110.jpg,11
6111.jpg,11
6112.jpg,11
6113.jpg,11
6114.jpg,11
6115.jpg,11
6116.jpg,11
6117.jpg,11
6118.jpg,11
6119.jpg,11
6120.jpg,11
6121.jpg,11
6122.jpg,11
6123.jpg,11
6124.jpg,11
6125.jpg,11
6126.jpg,11
6127.jpg,11
6128.jpg,11
6129.jpg,11
6130.jpg,11
6131.jpg,11
6132.jpg,11
6133.jpg,11
6134.jpg,11
6135.jpg,11
6136.jpg,11
6137.jpg,11
6138.jpg,11
6139.jpg,11
6140.jpg,11
6141.jpg,11
6142.jpg,11
6143.jpg,11
6144.jpg,11
6145.jpg,11
6146.jpg,11
6147.jpg,11
6148.jpg,11
6149.jpg,11
6150.jpg,11
6151.jpg,11
6152.jpg,11
6153.jpg,11
6154.jpg,11
6155.jpg,11
6156.jpg,11
6157.jpg,11
6158.jpg,11
6159.jpg,11
6160.jpg,11
6161.jpg,11
6162.jpg,11
6163.jpg,11
6164.jpg,11
6165.jpg,12
6166.jpg,12
6167.jpg,12
6168.jpg,12
6169.jpg,12
6170.jpg,12
6171.jpg,12
6172.jpg,12
6173.jpg,12
6174.jpg,12
6175.jpg,12
6176.jpg,12
6177.jpg,12
6178.jpg,12
6179.jpg,12
6180.jpg,12
6181.jpg,12
6182.jpg,12
6183.jpg,12
6184.jpg,12
6185.jpg,12
6186.jpg,12
6187.jpg,12
6188.jpg,12
6189.jpg,12
6190.jpg,12
6191.jpg,12
6192.jpg,12
6193.jpg,12
6194.jpg,12
6195.jpg,12
6196.jpg,12
6197.jpg,12
6198.jpg,12
6199.jpg,12
6200.jpg,12
6201.jpg,12
6202.jpg,12
6203.jpg,12
6204.jpg,12
6205.jpg,12
6206.jpg,12
6207.jpg,12
6208.jpg,12
6209.jpg,12
6210.jpg,12
6211.jpg,12
6212.jpg,12
6213.jpg,12
6214.jpg,12
6215.jpg,12
6216.jpg,12
6217.jpg,12
6218.jpg,12
6219.jpg,12
6220.jpg,12
6221.jpg,12
6222.jpg,12
6223.jpg,12
6224.jpg,12
6225.jpg,12
6226.jpg,12
6227.jpg,12
6228.jpg,12
6229.jpg,12
6230.jpg,12
6231.jpg,12
6232.jpg,12
6233.jpg,12
6234.jpg,12
6235.jpg,12
6236.jpg,12
6237.jpg,12
6238.jpg,12
6239.jpg,12
6240.jpg,12
6241.jpg,12
6242.jpg,12
6243.jpg,12
6244.jpg,12
6245.jpg,12
6246.jpg,12
6247.jpg,12
6248.jpg,12
6249.jpg,12
6250.jpg,12
6251.jpg,12
6252.jpg,12
6253.jpg,12
6254.jpg,12
6255.jpg,12
6256.jpg,12
6257.jpg,12
6258.jpg,12
6259.jpg,12
6260.jpg,12
6261.jpg,12
6262.jpg,12
6263.jpg,12
6264.jpg,12
6265.jpg,12
6266.jpg,12
6267.jpg,12
6268.jpg,12
6269.jpg,12
6270.jpg,12
6271.jpg,12
6272.jpg,12
6273.jpg,12
6274.jpg,12
6275.jpg,12
6276.jpg,12
6277.jpg,12
6278.jpg,12
6279.jpg,12
6280.jpg,12
6281.jpg,12
6282.jpg,12
6283.jpg,12
6284.jpg,12
6285.jpg,12
6286.jpg,12
6287.jpg,12
6288.jpg,12
6289.jpg,12
6290.jpg,12
6291.jpg,12
6292.jpg,12
6293.jpg,12
6294.jpg,12
6295.jpg,12
6296.jpg,12
6297.jpg,12
6298.jpg,12
6299.jpg,12
6300.jpg,12
6301.jpg,12
6302.jpg,12
6303.jpg,12
6304.jpg,12
6305.jpg,12
6306.jpg,12
6307.jpg,12
6308.jpg,12
6309.jpg,12
6310.jpg,12
6311.jpg,12
6312.jpg,12
6313.jpg,12
6314.jpg,12
6315.jpg,12
6316.jpg,12
6317.jpg,12
6318.jpg,12
6319.jpg,12
6320.jpg,12
6321.jpg,12
6322.jpg,12
6323.jpg,12
6324.jpg,12
6325.jpg,12
6326.jpg,12
6327.jpg,12
6328.jpg,12
6329.jpg,12
6330.jpg,12
6331.jpg,12
6332.jpg,12
6333.jpg,12
6334.jpg,12
6335.jpg,12
6336.jpg,12
6337.jpg,12
6338.jpg,12
6339.jpg,12
6340.jpg,12
6341.jpg,12
6342.jpg,12
6343.jpg,12
6344.jpg,12
6345.jpg,12
6346.jpg,12
6347.jpg,12
6348.jpg,12
6349.jpg,12
6350.jpg,12
6351.jpg,12
6352.jpg,12
6353.jpg,12
6354.jpg,12
6355.jpg,12
6356.jpg,12
6357.jpg,12
6358.jpg,12
6359.jpg,12
6360.jpg,12
6361.jpg,12
6362.jpg,12
6363.jpg,12
6364.jpg,12
6365.jpg,12
6366.jpg,12
6367.jpg,12
6368.jpg,12
6369.jpg,12
6370.jpg,12
6371.jpg,12
6372.jpg,12
6373.jpg,12
6374.jpg,12
6375.jpg,12
6376.jpg,12
6377.jpg,12
6378.jpg,12
6379.jpg,12
6380.jpg,12
6381.jpg,12
6382.jpg,12
6383.jpg,12
6384.jpg,12
6385.jpg,12
6386.jpg,12
6387.jpg,12
6388.jpg,12
6389.jpg,12
6390.jpg,12
6391.jpg,12
6392.jpg,12
6393.jpg,12
6394.jpg,12
6395.jpg,12
6396.jpg,12
6397.jpg,12
6398.jpg,12
6399.jpg,12
6400.jpg,12
6401.jpg,12
6402.jpg,12
6403.jpg,12
6404.jpg,12
6405.jpg,12
6406.jpg,12
6407.jpg,12
6408.jpg,12
6409.jpg,12
6410.jpg,12
6411.jpg,12
6412.jpg,12
6413.jpg,12
6414.jpg,12
6415.jpg,12
6416.jpg,12
6417.jpg,12
6418.jpg,12
6419.jpg,12
6420.jpg,12
6421.jpg,12
6422.jpg,12
6423.jpg,12
6424.jpg,12
6425.jpg,12
6426.jpg,12
6427.jpg,12
6428.jpg,12
6429.jpg,12
6430.jpg,12
6431.jpg,12
6432.jpg,12
6433.jpg,12
6434.jpg,12
6435.jpg,12
6436.jpg,12
6437.jpg,12
6438.jpg,12
6439.jpg,12
6440.jpg,12
6441.jpg,12
6442.jpg,12
6443.jpg,12
6444.jpg,12
6445.jpg,12
6446.jpg,12
6447.jpg,12
6448.jpg,12
6449.jpg,12
6450.jpg,12
6451.jpg,12
6452.jpg,12
6453.jpg,12
6454.jpg,12
6455.jpg,12
6456.jpg,12
6457.jpg,12
6458.jpg,12
6459.jpg,12
6460.jpg,12
6461.jpg,12
6462.jpg,12
6463.jpg,12
6464.jpg,12
6465.jpg,12
6466.jpg,12
6467.jpg,12
6468.jpg,12
6469.jpg,12
6470.jpg,12
6471.jpg,12
6472.jpg,12
6473.jpg,12
6474.jpg,12
6475.jpg,12
6476.jpg,12
6477.jpg,12
6478.jpg,12
6479.jpg,12
6480.jpg,12
6481.jpg,12
6482.jpg,12
6483.jpg,12
6484.jpg,12
6485.jpg,12
6486.jpg,12
6487.jpg,12
6488.jpg,12
6489.jpg,12
6490.jpg,12
6491.jpg,12
6492.jpg,12
6493.jpg,12
6494.jpg,12
6495.jpg,12
6496.jpg,12
6497.jpg,12
6498.jpg,12
6499.jpg,12
6500.jpg,12
6501.jpg,12
6502.jpg,12
6503.jpg,12
6504.jpg,12
6505.jpg,12
6506.jpg,12
6507.jpg,12
6508.jpg,12
6509.jpg,12
6510.jpg,12
6511.jpg,12
6512.jpg,12
6513.jpg,12
6514.jpg,12
6515.jpg,12
6516.jpg,12
6517.jpg,12
6518.jpg,12
6519.jpg,12
6520.jpg,12
6521.jpg,12
6522.jpg,12
6523.jpg,12
6524.jpg,12
6525.jpg,12
6526.jpg,12
6527.jpg,12
6528.jpg,12
6529.jpg,12
6530.jpg,12
6531.jpg,12
6532.jpg,12
6533.jpg,12
6534.jpg,12
6535.jpg,12
6536.jpg,12
6537.jpg,12
6538.jpg,12
6539.jpg,12
6540.jpg,12
6541.jpg,12
6542.jpg,12
6543.jpg,12
6544.jpg,12
6545.jpg,12
6546.jpg,12
6547.jpg,12
6548.jpg,12
6549.jpg,12
6550.jpg,12
6551.jpg,12
6552.jpg,12
6553.jpg,12
6554.jpg,12
6555.jpg,12
6556.jpg,12
6557.jpg,12
6558.jpg,12
6559.jpg,12
6560.jpg,12
6561.jpg,12
6562.jpg,12
6563.jpg,12
6564.jpg,12
6565.jpg,12
6566.jpg,12
6567.jpg,12
6568.jpg,12
6569.jpg,12
6570.jpg,12
6571.jpg,12
6572.jpg,12
6573.jpg,12
6574.jpg,12
6575.jpg,12
6576.jpg,12
6577.jpg,12
6578.jpg,12
6579.jpg,12
6580.jpg,12
6581.jpg,12
6582.jpg,12
6583.jpg,12
6584.jpg,12
6585.jpg,12
6586.jpg,12
6587.jpg,12
6588.jpg,12
6589.jpg,12
6590.jpg,12
6591.jpg,12
6592.jpg,12
6593.jpg,12
6594.jpg,12
6595.jpg,12
6596.jpg,12
6597.jpg,12
6598.jpg,12
6599.jpg,12
6600.jpg,12
6601.jpg,12
6602.jpg,12
6603.jpg,12
6604.jpg,12
6605.jpg,12
6606.jpg,12
6607.jpg,12
6608.jpg,12
6609.jpg,12
6610.jpg,12
6611.jpg,12
6612.jpg,12
6613.jpg,12
6614.jpg,12
6615.jpg,12
6616.jpg,12
6617.jpg,12
6618.jpg,12
6619.jpg,12
6620.jpg,12
6621.jpg,12
6622.jpg,12
6623.jpg,12
6624.jpg,12
6625.jpg,12
6626.jpg,12
6627.jpg,12
6628.jpg,12
6629.jpg,12
6630.jpg,12
6631.jpg,12
6632.jpg,12
6633.jpg,12
6634.jpg,12
6635.jpg,12
6636.jpg,12
6637.jpg,12
6638.jpg,12
6639.jpg,12
6640.jpg,12
6641.jpg,12
6642.jpg,12
6643.jpg,12
6644.jpg,12
6645.jpg,12
6646.jpg,12
6647.jpg,12
6648.jpg,12
6649.jpg,12
6650.jpg,12
6651.jpg,12
6652.jpg,12
6653.jpg,12
6654.jpg,12
6655.jpg,12
6656.jpg,12
6657.jpg,12
6658.jpg,12
6659.jpg,12
6660.jpg,12
6661.jpg,12
6662.jpg,12
6663.jpg,12
6664.jpg,12
6665.jpg,12
6666.jpg,12
6667.jpg,12
6668.jpg,12
6669.jpg,12
6670.jpg,12
6671.jpg,12
6672.jpg,12
6673.jpg,12
6674.jpg,12
6675.jpg,12
6676.jpg,12
6677.jpg,12
6678.jpg,12
6679.jpg,12
6680.jpg,12
6681.jpg,12
6682.jpg,12
6683.jpg,12
6684.jpg,12
6685.jpg,12
6686.jpg,12
6687.jpg,12
6688.jpg,12
6689.jpg,12
6690.jpg,12
6691.jpg,12
6692.jpg,12
6693.jpg,12
6694.jpg,12
6695.jpg,12
6696.jpg,12
6697.jpg,12
6698.jpg,12
6699.jpg,12
6700.jpg,12
6701.jpg,12
6702.jpg,12
6703.jpg,12
6704.jpg,12
6705.jpg,12
6706.jpg,12
6707.jpg,12
6708.jpg,12
6709.jpg,12
6710.jpg,12
6711.jpg,12
6712.jpg,12
6713.jpg,12
6714.jpg,12
6715.jpg,12
6716.jpg,12
6717.jpg,12
6718.jpg,12
6719.jpg,12
6720.jpg,12
6721.jpg,12
6722.jpg,12
6723.jpg,12
6724.jpg,12
6725.jpg,12
6726.jpg,12
6727.jpg,12
6728.jpg,12
6729.jpg,12
6730.jpg,12
6731.jpg,12
6732.jpg,12
6733.jpg,12
6734.jpg,12
6735.jpg,12
6736.jpg,12
6737.jpg,12
6738.jpg,12
6739.jpg,12
6740.jpg,12
6741.jpg,12
6742.jpg,12
6743.jpg,12
6744.jpg,12
6745.jpg,12
6746.jpg,12
6747.jpg,12
6748.jpg,12
6749.jpg,12
6750.jpg,12
6751.jpg,12
6752.jpg,12
6753.jpg,12
6754.jpg,12
6755.jpg,12
6756.jpg,12
6757.jpg,12
6758.jpg,12
6759.jpg,12
6760.jpg,12
6761.jpg,12
6762.jpg,12
6763.jpg,12
6764.jpg,12
6765.jpg,12
6766.jpg,12
6767.jpg,12
6768.jpg,12
6769.jpg,12
6770.jpg,12
6771.jpg,12
6772.jpg,12
6773.jpg,12
6774.jpg,12
6775.jpg,12
6776.jpg,12
6777.jpg,12
6778.jpg,12
6779.jpg,12
6780.jpg,12
6781.jpg,12
6782.jpg,12
6783.jpg,12
6784.jpg,12
6785.jpg,12
6786.jpg,12
6787.jpg,12
6788.jpg,12
6789.jpg,12
6790.jpg,12
6791.jpg,12
6792.jpg,12
6793.jpg,12
6794.jpg,12
6795.jpg,12
6796.jpg,12
6797.jpg,12
6798.jpg,12
6799.jpg,12
6800.jpg,12
6801.jpg,12
6802.jpg,12
6803.jpg,12
6804.jpg,12
6805.jpg,12
6806.jpg,12
6807.jpg,12
6808.jpg,12
6809.jpg,12
6810.jpg,12
6811.jpg,12
6812.jpg,12
6813.jpg,12
6814.jpg,12
6815.jpg,12
6816.jpg,12
6817.jpg,12
6818.jpg,12
6819.jpg,12
6820.jpg,12
6821.jpg,12
6822.jpg,12
6823.jpg,12
6824.jpg,12
6825.jpg,12
6826.jpg,12
6827.jpg,12
6828.jpg,12
6829.jpg,12
6830.jpg,12
6831.jpg,12
6832.jpg,12
6833.jpg,12
6834.jpg,12
6835.jpg,12
6836.jpg,12
6837.jpg,12
6838.jpg,12
6839.jpg,12
6840.jpg,12
6841.jpg,12
6842.jpg,12
6843.jpg,12
6844.jpg,12
6845.jpg,12
6846.jpg,12
6847.jpg,12
6848.jpg,12
6849.jpg,12
6850.jpg,12
6851.jpg,12
6852.jpg,12
6853.jpg,12
6854.jpg,12
6855.jpg,12
6856.jpg,12
6857.jpg,12
6858.jpg,12
6859.jpg,12
6860.jpg,12
6861.jpg,12
6862.jpg,12
6863.jpg,12
6864.jpg,12
6865.jpg,12
6866.jpg,12
6867.jpg,12
6868.jpg,12
6869.jpg,12
6870.jpg,12
6871.jpg,12
6872.jpg,12
6873.jpg,12
6874.jpg,12
6875.jpg,12
6876.jpg,12
6877.jpg,12
6878.jpg,12
6879.jpg,12
6880.jpg,12
6881.jpg,12
6882.jpg,12
6883.jpg,12
6884.jpg,12
6885.jpg,12
6886.jpg,12
6887.jpg,12
6888.jpg,12
6889.jpg,12
6890.jpg,12
6891.jpg,12
6892.jpg,12
6893.jpg,12
6894.jpg,12
6895.jpg,12
6896.jpg,12
6897.jpg,12
6898.jpg,12
6899.jpg,12
6900.jpg,12
6901.jpg,12
6902.jpg,12
6903.jpg,12
6904.jpg,12
6905.jpg,12
6906.jpg,12
6907.jpg,12
6908.jpg,12
6909.jpg,12
6910.jpg,12
6911.jpg,12
6912.jpg,12
6913.jpg,12
6914.jpg,12
6915.jpg,12
6916.jpg,12
6917.jpg,12
6918.jpg,12
6919.jpg,12
6920.jpg,12
6921.jpg,12
6922.jpg,12
6923.jpg,12
6924.jpg,12
6925.jpg,12
6926.jpg,12
6927.jpg,12
6928.jpg,12
6929.jpg,12
6930.jpg,12
6931.jpg,12
6932.jpg,12
6933.jpg,12
6934.jpg,12
6935.jpg,12
6936.jpg,12
6937.jpg,12
6938.jpg,12
6939.jpg,12
6940.jpg,12
6941.jpg,12
6942.jpg,12
6943.jpg,12
6944.jpg,12
6945.jpg,12
6946.jpg,12
6947.jpg,12
6948.jpg,12
6949.jpg,12
6950.jpg,12
6951.jpg,12
6952.jpg,12
6953.jpg,12
6954.jpg,12
6955.jpg,12
6956.jpg,12
6957.jpg,12
6958.jpg,12
6959.jpg,12
6960.jpg,12
6961.jpg,12
6962.jpg,12
6963.jpg,12
6964.jpg,12
6965.jpg,12
6966.jpg,12
6967.jpg,12
6968.jpg,12
6969.jpg,12
6970.jpg,12
6971.jpg,12
6972.jpg,12
6973.jpg,12
6974.jpg,12
6975.jpg,12
6976.jpg,12
6977.jpg,12
6978.jpg,12
6979.jpg,12
6980.jpg,12
6981.jpg,12
6982.jpg,12
6983.jpg,12
6984.jpg,12
6985.jpg,12
6986.jpg,12
6987.jpg,12
6988.jpg,12
6989.jpg,12
6990.jpg,12
6991.jpg,12
6992.jpg,12
6993.jpg,12
6994.jpg,12
6995.jpg,12
6996.jpg,12
6997.jpg,12
6998.jpg,12
6999.jpg,12
7000.jpg,12
7001.jpg,12
7002.jpg,12
7003.jpg,12
7004.jpg,12
7005.jpg,12
7006.jpg,12
7007.jpg,12
7008.jpg,12
7009.jpg,12
7010.jpg,12
7011.jpg,12
7012.jpg,12
7013.jpg,12
7014.jpg,12
7015.jpg,12
7016.jpg,12
7017.jpg,12
7018.jpg,12
7019.jpg,12
7020.jpg,12
7021.jpg,12
7022.jpg,12
7023.jpg,12
7024.jpg,12
7025.jpg,12
7026.jpg,12
7027.jpg,12
7028.jpg,12
7029.jpg,12
7030.jpg,12
7031.jpg,12
7032.jpg,12
7033.jpg,12
7034.jpg,12
7035.jpg,12
7036.jpg,12
7037.jpg,12
7038.jpg,12
7039.jpg,12
7040.jpg,12
7041.jpg,12
7042.jpg,12
7043.jpg,12
7044.jpg,12
7045.jpg,12
7046.jpg,12
7047.jpg,12
7048.jpg,12
7049.jpg,12
7050.jpg,12
7051.jpg,12
7052.jpg,12
7053.jpg,12
7054.jpg,12
7055.jpg,12
7056.jpg,12
7057.jpg,12
7058.jpg,12
7059.jpg,12
7060.jpg,12
7061.jpg,12
7062.jpg,12
7063.jpg,12
7064.jpg,12
7065.jpg,12
7066.jpg,12
7067.jpg,12
7068.jpg,12
7069.jpg,12
7070.jpg,12
7071.jpg,12
7072.jpg,12
7073.jpg,12
7074.jpg,12
7075.jpg,12
7076.jpg,12
7077.jpg,12
7078.jpg,12
7079.jpg,12
7080.jpg,12
7081.jpg,12
7082.jpg,12
7083.jpg,12
7084.jpg,12
7085.jpg,12
7086.jpg,12
7087.jpg,12
7088.jpg,12
7089.jpg,12
7090.jpg,12
7091.jpg,12
7092.jpg,12
7093.jpg,12
7094.jpg,12
7095.jpg,12
7096.jpg,12
7097.jpg,12
7098.jpg,12
7099.jpg,12
7100.jpg,12
7101.jpg,12
7102.jpg,12
7103.jpg,12
7104.jpg,12
7105.jpg,12
7106.jpg,12
7107.jpg,12
7108.jpg,12
7109.jpg,12
7110.jpg,12
7111.jpg,12
7112.jpg,12
7113.jpg,12
7114.jpg,12
7115.jpg,12
7116.jpg,12
7117.jpg,12
7118.jpg,12
7119.jpg,12
7120.jpg,12
7121.jpg,12
7122.jpg,12
7123.jpg,12
7124.jpg,12
7125.jpg,12
7126.jpg,12
7127.jpg,12
7128.jpg,12
7129.jpg,12
7130.jpg,12
7131.jpg,12
7132.jpg,12
7133.jpg,12
7134.jpg,12
7135.jpg,12
7136.jpg,12
7137.jpg,12
7138.jpg,12
7139.jpg,12
7140.jpg,12
7141.jpg,12
7142.jpg,12
7143.jpg,12
7144.jpg,12
7145.jpg,12
7146.jpg,12
7147.jpg,12
7148.jpg,12
7149.jpg,12
7150.jpg,12
7151.jpg,12
7152.jpg,12
7153.jpg,12
7154.jpg,12
7155.jpg,12
7156.jpg,12
7157.jpg,12
7158.jpg,12
7159.jpg,12
7160.jpg,12
7161.jpg,12
7162.jpg,12
7163.jpg,12
7164.jpg,12
7165.jpg,12
7166.jpg,12
7167.jpg,12
7168.jpg,12
7169.jpg,12
7170.jpg,12
7171.jpg,12
7172.jpg,12
7173.jpg,12
7174.jpg,12
7175.jpg,12
7176.jpg,12
7177.jpg,12
7178.jpg,12
7179.jpg,12
7180.jpg,12
7181.jpg,12
7182.jpg,12
7183.jpg,12
7184.jpg,12
7185.jpg,12
7186.jpg,12
7187.jpg,12
7188.jpg,12
7189.jpg,12
7190.jpg,12
7191.jpg,12
7192.jpg,12
7193.jpg,12
7194.jpg,12
7195.jpg,12
7196.jpg,12
7197.jpg,12
7198.jpg,12
7199.jpg,12
7200.jpg,12
7201.jpg,12
7202.jpg,12
7203.jpg,12
7204.jpg,12
7205.jpg,12
7206.jpg,12
7207.jpg,12
7208.jpg,12
7209.jpg,12
7210.jpg,12
7211.jpg,12
7212.jpg,12
7213.jpg,12
7214.jpg,12
7215.jpg,12
7216.jpg,12
7217.jpg,12
7218.jpg,12
7219.jpg,12
7220.jpg,12
7221.jpg,12
7222.jpg,12
7223.jpg,12
7224.jpg,12
7225.jpg,12
7226.jpg,12
7227.jpg,12
7228.jpg,12
7229.jpg,12
7230.jpg,12
7231.jpg,12
7232.jpg,12
7233.jpg,12
7234.jpg,12
7235.jpg,12
7236.jpg,12
7237.jpg,12
7238.jpg,12
7239.jpg,12
7240.jpg,12
7241.jpg,12
7242.jpg,12
7243.jpg,12
7244.jpg,12
7245.jpg,12
7246.jpg,12
7247.jpg,12
7248.jpg,12
7249.jpg,12
7250.jpg,12
7251.jpg,12
7252.jpg,12
7253.jpg,12
7254.jpg,12
7255.jpg,12
7256.jpg,12
7257.jpg,12
7258.jpg,12
7259.jpg,12
7260.jpg,12
7261.jpg,12
7262.jpg,12
7263.jpg,12
7264.jpg,12
7265.jpg,12
7266.jpg,12
7267.jpg,12
7268.jpg,12
7269.jpg,12
7270.jpg,12
7271.jpg,12
7272.jpg,12
7273.jpg,12
7274.jpg,12
7275.jpg,12
7276.jpg,12
7277.jpg,12
7278.jpg,12
7279.jpg,12
7280.jpg,12
7281.jpg,12
7282.jpg,12
7283.jpg,12
7284.jpg,12
7285.jpg,12
7286.jpg,12
7287.jpg,12
7288.jpg,12
7289.jpg,12
7290.jpg,12
7291.jpg,12
7292.jpg,12
7293.jpg,12
7294.jpg,12
7295.jpg,12
7296.jpg,12
7297.jpg,12
7298.jpg,12
7299.jpg,12
7300.jpg,12
7301.jpg,12
7302.jpg,12
7303.jpg,12
7304.jpg,12
7305.jpg,12
7306.jpg,12
7307.jpg,12
7308.jpg,12
7309.jpg,12
7310.jpg,12
7311.jpg,12
7312.jpg,12
7313.jpg,12
7314.jpg,12
7315.jpg,12
7316.jpg,12
7317.jpg,12
7318.jpg,12
7319.jpg,12
7320.jpg,12
7321.jpg,12
7322.jpg,12
7323.jpg,12
7324.jpg,12
7325.jpg,12
7326.jpg,12
7327.jpg,12
7328.jpg,12
7329.jpg,12
7330.jpg,12
7331.jpg,12
7332.jpg,12
7333.jpg,12
7334.jpg,12
7335.jpg,12
7336.jpg,12
7337.jpg,12
7338.jpg,12
7339.jpg,12
7340.jpg,12
7341.jpg,12
7342.jpg,12
7343.jpg,12
7344.jpg,12
7345.jpg,12
7346.jpg,12
7347.jpg,12
7348.jpg,12
7349.jpg,12
7350.jpg,12
7351.jpg,12
7352.jpg,12
7353.jpg,12
7354.jpg,12
7355.jpg,12
7356.jpg,12
7357.jpg,12
7358.jpg,12
7359.jpg,12
7360.jpg,12
7361.jpg,12
7362.jpg,12
7363.jpg,12
7364.jpg,12
7365.jpg,12
7366.jpg,12
7367.jpg,12
7368.jpg,12
7369.jpg,12
7370.jpg,12
7371.jpg,12
7372.jpg,12
7373.jpg,12
7374.jpg,12
7375.jpg,12
7376.jpg,12
7377.jpg,12
7378.jpg,12
7379.jpg,12
7380.jpg,12
7381.jpg,12
7382.jpg,12
7383.jpg,12
7384.jpg,12
7385.jpg,12
7386.jpg,13
7387.jpg,13
7388.jpg,13
7389.jpg,13
7390.jpg,13
7391.jpg,13
7392.jpg,13
7393.jpg,13
7394.jpg,13
7395.jpg,13
7396.jpg,13
7397.jpg,13
7398.jpg,13
7399.jpg,13
7400.jpg,13
7401.jpg,13
7402.jpg,13
7403.jpg,13
7404.jpg,13
7405.jpg,13
7406.jpg,13
7407.jpg,13
7408.jpg,13
7409.jpg,13
7410.jpg,13
7411.jpg,13
7412.jpg,13
7413.jpg,13
7414.jpg,13
7415.jpg,13
7416.jpg,13
7417.jpg,13
7418.jpg,13
7419.jpg,13
7420.jpg,13
7421.jpg,13
7422.jpg,13
7423.jpg,13
7424.jpg,13
7425.jpg,13
7426.jpg,13
7427.jpg,13
7428.jpg,13
7429.jpg,13
7430.jpg,13
7431.jpg,13
7432.jpg,13
7433.jpg,13
7434.jpg,13
7435.jpg,13
7436.jpg,13
7437.jpg,13
7438.jpg,13
7439.jpg,13
7440.jpg,13
7441.jpg,13
7442.jpg,13
7443.jpg,13
7444.jpg,13
7445.jpg,13
7446.jpg,13
7447.jpg,13
7448.jpg,13
7449.jpg,13
7450.jpg,13
7451.jpg,13
7452.jpg,13
7453.jpg,13
7454.jpg,13
7455.jpg,13
7456.jpg,13
7457.jpg,13
7458.jpg,13
7459.jpg,13
7460.jpg,13
7461.jpg,13
7462.jpg,13
7463.jpg,13
7464.jpg,13
7465.jpg,13
7466.jpg,13
7467.jpg,13
7468.jpg,13
7469.jpg,13
7470.jpg,13
7471.jpg,13
7472.jpg,13
7473.jpg,13
7474.jpg,13
7475.jpg,13
7476.jpg,13
7477.jpg,13
7478.jpg,13
7479.jpg,13
7480.jpg,13
7481.jpg,13
7482.jpg,13
7483.jpg,13
7484.jpg,13
7485.jpg,13
7486.jpg,13
7487.jpg,13
7488.jpg,13
7489.jpg,13
7490.jpg,13
7491.jpg,13
7492.jpg,13
7493.jpg,13
7494.jpg,13
7495.jpg,13
7496.jpg,13
7497.jpg,13
7498.jpg,13
7499.jpg,13
7500.jpg,13
7501.jpg,13
7502.jpg,13
7503.jpg,13
7504.jpg,13
7505.jpg,13
7506.jpg,13
7507.jpg,13
7508.jpg,13
7509.jpg,13
7510.jpg,13
7511.jpg,13
7512.jpg,13
7513.jpg,13
7514.jpg,13
7515.jpg,13
7516.jpg,13
7517.jpg,13
7518.jpg,13
7519.jpg,13
7520.jpg,13
7521.jpg,13
7522.jpg,13
7523.jpg,13
7524.jpg,13
7525.jpg,13
7526.jpg,13
7527.jpg,13
7528.jpg,13
7529.jpg,13
7530.jpg,13
7531.jpg,13
7532.jpg,13
7533.jpg,13
7534.jpg,13
7535.jpg,13
7536.jpg,13
7537.jpg,13
7538.jpg,13
7539.jpg,13
7540.jpg,13
7541.jpg,13
7542.jpg,13
7543.jpg,13
7544.jpg,13
7545.jpg,13
7546.jpg,13
7547.jpg,13
7548.jpg,13
7549.jpg,13
7550.jpg,13
7551.jpg,13
7552.jpg,13
7553.jpg,13
7554.jpg,13
7555.jpg,13
7556.jpg,13
7557.jpg,13
7558.jpg,13
7559.jpg,13
7560.jpg,13
7561.jpg,13
7562.jpg,13
7563.jpg,13
7564.jpg,13
7565.jpg,13
7566.jpg,13
7567.jpg,13
7568.jpg,13
7569.jpg,13
7570.jpg,13
7571.jpg,13
7572.jpg,13
7573.jpg,13
7574.jpg,13
7575.jpg,13
7576.jpg,13
7577.jpg,13
7578.jpg,13
7579.jpg,13
7580.jpg,13
7581.jpg,13
7582.jpg,13
7583.jpg,13
7584.jpg,13
7585.jpg,13
7586.jpg,13
7587.jpg,13
7588.jpg,13
7589.jpg,13
7590.jpg,13
7591.jpg,13
7592.jpg,13
7593.jpg,13
7594.jpg,13
7595.jpg,13
7596.jpg,13
7597.jpg,13
7598.jpg,13
7599.jpg,13
7600.jpg,13
7601.jpg,13
7602.jpg,13
7603.jpg,13
7604.jpg,13
7605.jpg,13
7606.jpg,13
7607.jpg,13
7608.jpg,13
7609.jpg,13
7610.jpg,13
7611.jpg,13
7612.jpg,13
7613.jpg,13
7614.jpg,13
7615.jpg,13
7616.jpg,13
7617.jpg,13
7618.jpg,13
7619.jpg,13
7620.jpg,13
7621.jpg,13
7622.jpg,13
7623.jpg,13
7624.jpg,13
7625.jpg,13
7626.jpg,13
7627.jpg,13
7628.jpg,13
7629.jpg,13
7630.jpg,13
7631.jpg,13
7632.jpg,13
7633.jpg,13
7634.jpg,13
7635.jpg,13
7636.jpg,13
7637.jpg,13
7638.jpg,13
7639.jpg,13
7640.jpg,13
7641.jpg,13
7642.jpg,13
7643.jpg,13
7644.jpg,13
7645.jpg,13
7646.jpg,13
7647.jpg,13
7648.jpg,13
7649.jpg,13
7650.jpg,13
7651.jpg,13
7652.jpg,13
7653.jpg,13
7654.jpg,13
7655.jpg,13
7656.jpg,13
7657.jpg,13
7658.jpg,13
7659.jpg,13
7660.jpg,13
7661.jpg,13
7662.jpg,13
7663.jpg,13
7664.jpg,13
7665.jpg,13
7666.jpg,13
7667.jpg,13
7668.jpg,13
7669.jpg,13
7670.jpg,13
7671.jpg,13
7672.jpg,13
7673.jpg,13
7674.jpg,13
7675.jpg,13
7676.jpg,13
7677.jpg,13
7678.jpg,13
7679.jpg,13
7680.jpg,13
7681.jpg,13
7682.jpg,13
7683.jpg,13
7684.jpg,13
7685.jpg,13
7686.jpg,13
7687.jpg,13
7688.jpg,13
7689.jpg,13
7690.jpg,13
7691.jpg,13
7692.jpg,13
7693.jpg,13
7694.jpg,13
7695.jpg,13
7696.jpg,13
7697.jpg,13
7698.jpg,13
7699.jpg,13
7700.jpg,13
7701.jpg,13
7702.jpg,13
7703.jpg,13
7704.jpg,13
7705.jpg,13
7706.jpg,13
7707.jpg,13
7708.jpg,13
7709.jpg,13
7710.jpg,13
7711.jpg,13
7712.jpg,13
7713.jpg,13
7714.jpg,13
7715.jpg,13
7716.jpg,13
7717.jpg,13
7718.jpg,13
7719.jpg,13
7720.jpg,13
7721.jpg,13
7722.jpg,13
7723.jpg,13
7724.jpg,13
7725.jpg,13
7726.jpg,13
7727.jpg,13
7728.jpg,13
7729.jpg,13
7730.jpg,13
7731.jpg,13
7732.jpg,13
7733.jpg,13
7734.jpg,13
7735.jpg,13
7736.jpg,13
7737.jpg,13
7738.jpg,13
7739.jpg,13
7740.jpg,13
7741.jpg,13
7742.jpg,13
7743.jpg,13
7744.jpg,13
7745.jpg,13
7746.jpg,13
7747.jpg,13
7748.jpg,13
7749.jpg,13
7750.jpg,13
7751.jpg,13
7752.jpg,13
7753.jpg,13
7754.jpg,13
7755.jpg,13
7756.jpg,13
7757.jpg,13
7758.jpg,13
7759.jpg,13
7760.jpg,13
7761.jpg,13
7762.jpg,13
7763.jpg,13
7764.jpg,13
7765.jpg,13
7766.jpg,13
7767.jpg,13
7768.jpg,13
7769.jpg,13
7770.jpg,13
7771.jpg,13
7772.jpg,13
7773.jpg,13
7774.jpg,13
7775.jpg,13
7776.jpg,13
7777.jpg,13
7778.jpg,13
7779.jpg,13
7780.jpg,13
7781.jpg,13
7782.jpg,13
7783.jpg,13
7784.jpg,13
7785.jpg,13
7786.jpg,13
7787.jpg,13
7788.jpg,13
7789.jpg,13
7790.jpg,13
7791.jpg,13
7792.jpg,13
7793.jpg,13
7794.jpg,13
7795.jpg,13
7796.jpg,13
7797.jpg,13
7798.jpg,13
7799.jpg,13
7800.jpg,13
7801.jpg,13
7802.jpg,13
7803.jpg,13
7804.jpg,13
7805.jpg,13
7806.jpg,13
7807.jpg,13
7808.jpg,13
7809.jpg,13
7810.jpg,13
7811.jpg,13
7812.jpg,13
7813.jpg,13
7814.jpg,13
7815.jpg,13
7816.jpg,13
7817.jpg,13
7818.jpg,13
7819.jpg,13
7820.jpg,13
7821.jpg,13
7822.jpg,13
7823.jpg,13
7824.jpg,13
7825.jpg,13
7826.jpg,13
7827.jpg,13
7828.jpg,13
7829.jpg,13
7830.jpg,13
7831.jpg,13
7832.jpg,13
7833.jpg,13
7834.jpg,13
7835.jpg,13
7836.jpg,13
7837.jpg,13
7838.jpg,13
7839.jpg,13
7840.jpg,13
7841.jpg,13
7842.jpg,13
7843.jpg,13
7844.jpg,13
7845.jpg,13
7846.jpg,13
7847.jpg,13
7848.jpg,13
7849.jpg,13
7850.jpg,13
7851.jpg,13
7852.jpg,13
7853.jpg,13
7854.jpg,13
7855.jpg,13
7856.jpg,13
7857.jpg,13
7858.jpg,13
7859.jpg,13
7860.jpg,13
7861.jpg,13
7862.jpg,13
7863.jpg,13
7864.jpg,13
7865.jpg,13
7866.jpg,13
7867.jpg,13
7868.jpg,13
7869.jpg,13
7870.jpg,13
7871.jpg,13
7872.jpg,13
7873.jpg,13
7874.jpg,13
7875.jpg,13
7876.jpg,13
7877.jpg,13
7878.jpg,13
7879.jpg,13
7880.jpg,13
7881.jpg,13
7882.jpg,13
7883.jpg,13
7884.jpg,13
7885.jpg,13
7886.jpg,13
7887.jpg,13
7888.jpg,13
7889.jpg,13
7890.jpg,13
7891.jpg,13
7892.jpg,13
7893.jpg,13
7894.jpg,13
7895.jpg,13
7896.jpg,13
7897.jpg,13
7898.jpg,13
7899.jpg,13
7900.jpg,13
7901.jpg,13
7902.jpg,13
7903.jpg,13
7904.jpg,13
7905.jpg,13
7906.jpg,13
7907.jpg,13
7908.jpg,13
7909.jpg,13
7910.jpg,13
7911.jpg,13
7912.jpg,13
7913.jpg,13
7914.jpg,13
7915.jpg,13
7916.jpg,13
7917.jpg,13
7918.jpg,13
7919.jpg,13
7920.jpg,13
7921.jpg,13
7922.jpg,13
7923.jpg,13
7924.jpg,13
7925.jpg,13
7926.jpg,13
7927.jpg,13
7928.jpg,13
7929.jpg,13
7930.jpg,13
7931.jpg,13
7932.jpg,13
7933.jpg,13
7934.jpg,13
7935.jpg,13
7936.jpg,13
7937.jpg,13
7938.jpg,13
7939.jpg,13
7940.jpg,13
7941.jpg,13
7942.jpg,13
7943.jpg,13
7944.jpg,13
7945.jpg,13
7946.jpg,13
7947.jpg,13
7948.jpg,13
7949.jpg,13
7950.jpg,13
7951.jpg,13
7952.jpg,13
7953.jpg,13
7954.jpg,13
7955.jpg,13
7956.jpg,13
7957.jpg,13
7958.jpg,13
7959.jpg,13
7960.jpg,13
7961.jpg,13
7962.jpg,13
7963.jpg,13
7964.jpg,13
7965.jpg,13
7966.jpg,13
7967.jpg,13
7968.jpg,13
7969.jpg,13
7970.jpg,13
7971.jpg,13
7972.jpg,13
7973.jpg,13
7974.jpg,13
7975.jpg,13
7976.jpg,13
7977.jpg,13
7978.jpg,13
7979.jpg,13
7980.jpg,13
7981.jpg,13
7982.jpg,13
7983.jpg,13
7984.jpg,13
7985.jpg,13
7986.jpg,13
7987.jpg,13
7988.jpg,13
7989.jpg,13
7990.jpg,13
7991.jpg,13
7992.jpg,13
7993.jpg,13
7994.jpg,13
7995.jpg,13
7996.jpg,13
7997.jpg,13
7998.jpg,13
7999.jpg,13
8000.jpg,13
8001.jpg,13
8002.jpg,13
8003.jpg,13
8004.jpg,13
8005.jpg,13
8006.jpg,13
8007.jpg,13
8008.jpg,13
8009.jpg,13
8010.jpg,13
8011.jpg,13
8012.jpg,13
8013.jpg,13
8014.jpg,13
8015.jpg,13
8016.jpg,13
8017.jpg,13
8018.jpg,13
8019.jpg,13
8020.jpg,13
8021.jpg,13
8022.jpg,13
8023.jpg,13
8024.jpg,13
8025.jpg,13
8026.jpg,13
8027.jpg,13
8028.jpg,13
8029.jpg,13
8030.jpg,13
8031.jpg,13
8032.jpg,13
8033.jpg,13
8034.jpg,13
8035.jpg,13
8036.jpg,13
8037.jpg,13
8038.jpg,13
8039.jpg,13
8040.jpg,13
8041.jpg,13
8042.jpg,13
8043.jpg,13
8044.jpg,13
8045.jpg,13
8046.jpg,13
8047.jpg,13
8048.jpg,13
8049.jpg,13
8050.jpg,13
8051.jpg,13
8052.jpg,13
8053.jpg,13
8054.jpg,13
8055.jpg,13
8056.jpg,13
8057.jpg,13
8058.jpg,13
8059.jpg,13
8060.jpg,13
8061.jpg,13
8062.jpg,13
8063.jpg,13
8064.jpg,13
8065.jpg,13
8066.jpg,13
8067.jpg,13
8068.jpg,13
8069.jpg,13
8070.jpg,13
8071.jpg,13
8072.jpg,13
8073.jpg,13
8074.jpg,13
8075.jpg,13
8076.jpg,13
8077.jpg,13
8078.jpg,13
8079.jpg,13
8080.jpg,13
8081.jpg,13
8082.jpg,13
8083.jpg,13
8084.jpg,13
8085.jpg,13
8086.jpg,13
8087.jpg,13
8088.jpg,13
8089.jpg,13
8090.jpg,13
8091.jpg,13
8092.jpg,13
8093.jpg,13
8094.jpg,13
8095.jpg,13
8096.jpg,13
8097.jpg,13
8098.jpg,13
8099.jpg,13
8100.jpg,13
8101.jpg,13
8102.jpg,13
8103.jpg,13
8104.jpg,13
8105.jpg,13
8106.jpg,13
8107.jpg,13
8108.jpg,13
8109.jpg,13
8110.jpg,13
8111.jpg,13
8112.jpg,13
8113.jpg,13
8114.jpg,13
8115.jpg,13
8116.jpg,13
8117.jpg,13
8118.jpg,13
8119.jpg,13
8120.jpg,13
8121.jpg,13
8122.jpg,13
8123.jpg,13
8124.jpg,13
8125.jpg,13
8126.jpg,13
8127.jpg,13
8128.jpg,13
8129.jpg,13
8130.jpg,13
8131.jpg,13
8132.jpg,13
8133.jpg,13
8134.jpg,13
8135.jpg,13
8136.jpg,13
8137.jpg,13
8138.jpg,13
8139.jpg,13
8140.jpg,13
8141.jpg,13
8142.jpg,13
8143.jpg,13
8144.jpg,13
8145.jpg,13
8146.jpg,13
8147.jpg,13
8148.jpg,13
8149.jpg,13
8150.jpg,13
8151.jpg,13
8152.jpg,13
8153.jpg,13
8154.jpg,13
8155.jpg,13
8156.jpg,13
8157.jpg,13
8158.jpg,13
8159.jpg,13
8160.jpg,13
8161.jpg,13
8162.jpg,13
8163.jpg,13
8164.jpg,13
8165.jpg,13
8166.jpg,13
8167.jpg,13
8168.jpg,13
8169.jpg,13
8170.jpg,13
8171.jpg,13
8172.jpg,13
8173.jpg,13
8174.jpg,13
8175.jpg,13
8176.jpg,13
8177.jpg,13
8178.jpg,13
8179.jpg,13
8180.jpg,13
8181.jpg,13
8182.jpg,13
8183.jpg,13
8184.jpg,13
8185.jpg,13
8186.jpg,13
8187.jpg,13
8188.jpg,13
8189.jpg,13
8190.jpg,13
8191.jpg,13
8192.jpg,13
8193.jpg,13
8194.jpg,13
8195.jpg,13
8196.jpg,13
8197.jpg,13
8198.jpg,13
8199.jpg,13
8200.jpg,13
8201.jpg,13
8202.jpg,13
8203.jpg,13
8204.jpg,13
8205.jpg,13
8206.jpg,13
8207.jpg,13
8208.jpg,13
8209.jpg,13
8210.jpg,13
8211.jpg,13
8212.jpg,13
8213.jpg,13
8214.jpg,13
8215.jpg,13
8216.jpg,13
8217.jpg,13
8218.jpg,13
8219.jpg,13
8220.jpg,13
8221.jpg,13
8222.jpg,13
8223.jpg,13
8224.jpg,13
8225.jpg,13
8226.jpg,13
8227.jpg,13
8228.jpg,13
8229.jpg,13
8230.jpg,13
8231.jpg,13
8232.jpg,13
8233.jpg,13
8234.jpg,13
8235.jpg,13
8236.jpg,13
8237.jpg,13
8238.jpg,13
8239.jpg,13
8240.jpg,13
8241.jpg,13
8242.jpg,13
8243.jpg,13
8244.jpg,13
8245.jpg,13
8246.jpg,13
8247.jpg,13
8248.jpg,13
8249.jpg,13
8250.jpg,13
8251.jpg,13
8252.jpg,13
8253.jpg,13
8254.jpg,13
8255.jpg,13
8256.jpg,13
8257.jpg,13
8258.jpg,13
8259.jpg,13
8260.jpg,13
8261.jpg,13
8262.jpg,13
8263.jpg,13
8264.jpg,13
8265.jpg,13
8266.jpg,13
8267.jpg,13
8268.jpg,13
8269.jpg,13
8270.jpg,13
8271.jpg,13
8272.jpg,13
8273.jpg,13
8274.jpg,13
8275.jpg,13
8276.jpg,13
8277.jpg,13
8278.jpg,13
8279.jpg,13
8280.jpg,13
8281.jpg,13
8282.jpg,13
8283.jpg,13
8284.jpg,13
8285.jpg,13
8286.jpg,13
8287.jpg,13
8288.jpg,13
8289.jpg,13
8290.jpg,13
8291.jpg,13
8292.jpg,13
8293.jpg,13
8294.jpg,14
8295.jpg,14
8296.jpg,14
8297.jpg,14
8298.jpg,14
8299.jpg,14
8300.jpg,14
8301.jpg,14
8302.jpg,14
8303.jpg,14
8304.jpg,14
8305.jpg,14
8306.jpg,14
8307.jpg,14
8308.jpg,14
8309.jpg,14
8310.jpg,14
8311.jpg,14
8312.jpg,14
8313.jpg,14
8314.jpg,14
8315.jpg,14
8316.jpg,14
8317.jpg,14
8318.jpg,14
8319.jpg,14
8320.jpg,14
8321.jpg,14
8322.jpg,14
8323.jpg,14
8324.jpg,14
8325.jpg,14
8326.jpg,14
8327.jpg,14
8328.jpg,14
8329.jpg,14
8330.jpg,14
8331.jpg,14
8332.jpg,14
8333.jpg,14
8334.jpg,14
8335.jpg,14
8336.jpg,14
8337.jpg,14
8338.jpg,14
8339.jpg,14
8340.jpg,14
8341.jpg,14
8342.jpg,14
8343.jpg,14
8344.jpg,14
8345.jpg,14
8346.jpg,14
8347.jpg,14
8348.jpg,14
8349.jpg,14
8350.jpg,14
8351.jpg,14
8352.jpg,14
8353.jpg,14
8354.jpg,14
8355.jpg,14
8356.jpg,14
8357.jpg,14
8358.jpg,14
8359.jpg,14
8360.jpg,14
8361.jpg,14
8362.jpg,14
8363.jpg,14
8364.jpg,14
8365.jpg,14
8366.jpg,14
8367.jpg,14
8368.jpg,14
8369.jpg,14
8370.jpg,14
8371.jpg,14
8372.jpg,14
8373.jpg,14
8374.jpg,14
8375.jpg,14
8376.jpg,14
8377.jpg,14
8378.jpg,14
8379.jpg,14
8380.jpg,14
8381.jpg,14
8382.jpg,14
8383.jpg,14
8384.jpg,14
8385.jpg,14
8386.jpg,14
8387.jpg,14
8388.jpg,14
8389.jpg,14
8390.jpg,14
8391.jpg,14
8392.jpg,14
8393.jpg,14
8394.jpg,14
8395.jpg,14
8396.jpg,14
8397.jpg,14
8398.jpg,14
8399.jpg,14
8400.jpg,14
8401.jpg,14
8402.jpg,14
8403.jpg,14
8404.jpg,14
8405.jpg,14
8406.jpg,14
8407.jpg,14
8408.jpg,14
8409.jpg,14
8410.jpg,14
8411.jpg,14
8412.jpg,14
8413.jpg,14
8414.jpg,14
8415.jpg,14
8416.jpg,14
8417.jpg,14
8418.jpg,14
8419.jpg,14
8420.jpg,14
8421.jpg,14
8422.jpg,14
8423.jpg,14
8424.jpg,14
8425.jpg,14
8426.jpg,14
8427.jpg,14
8428.jpg,14
8429.jpg,14
8430.jpg,14
8431.jpg,14
8432.jpg,14
8433.jpg,14
8434.jpg,14
8435.jpg,14
8436.jpg,14
8437.jpg,14
8438.jpg,14
8439.jpg,14
8440.jpg,14
8441.jpg,14
8442.jpg,14
8443.jpg,14
8444.jpg,14
8445.jpg,14
8446.jpg,14
8447.jpg,14
8448.jpg,14
8449.jpg,14
8450.jpg,14
8451.jpg,14
8452.jpg,14
8453.jpg,14
8454.jpg,14
8455.jpg,14
8456.jpg,14
8457.jpg,14
8458.jpg,14
8459.jpg,14
8460.jpg,14
8461.jpg,14
8462.jpg,14
8463.jpg,14
8464.jpg,14
8465.jpg,14
8466.jpg,14
8467.jpg,14
8468.jpg,14
8469.jpg,14
8470.jpg,14
8471.jpg,14
8472.jpg,14
8473.jpg,14
8474.jpg,14
8475.jpg,14
8476.jpg,14
8477.jpg,14
8478.jpg,14
8479.jpg,14
8480.jpg,14
8481.jpg,14
8482.jpg,14
8483.jpg,14
8484.jpg,14
8485.jpg,14
8486.jpg,14
8487.jpg,14
8488.jpg,14
8489.jpg,14
8490.jpg,14
8491.jpg,14
8492.jpg,14
8493.jpg,14
8494.jpg,14
8495.jpg,14
8496.jpg,14
8497.jpg,14
8498.jpg,14
8499.jpg,14
8500.jpg,14
8501.jpg,14
8502.jpg,14
8503.jpg,14
8504.jpg,14
8505.jpg,14
8506.jpg,14
8507.jpg,14
8508.jpg,14
8509.jpg,14
8510.jpg,14
8511.jpg,14
8512.jpg,14
8513.jpg,14
8514.jpg,14
8515.jpg,14
8516.jpg,14
8517.jpg,14
8518.jpg,14
8519.jpg,14
8520.jpg,14
8521.jpg,14
8522.jpg,14
8523.jpg,14
8524.jpg,14
8525.jpg,14
8526.jpg,14
8527.jpg,14
8528.jpg,14
8529.jpg,14
8530.jpg,14
8531.jpg,14
8532.jpg,14
8533.jpg,14
8534.jpg,14
8535.jpg,14
8536.jpg,14
8537.jpg,14
8538.jpg,14
8539.jpg,14
8540.jpg,14
8541.jpg,14
8542.jpg,14
8543.jpg,14
8544.jpg,14
8545.jpg,14
8546.jpg,14
8547.jpg,14
8548.jpg,14
8549.jpg,14
8550.jpg,14
8551.jpg,14
8552.jpg,14
8553.jpg,14
8554.jpg,14
8555.jpg,14
8556.jpg,14
8557.jpg,14
8558.jpg,14
8559.jpg,14
8560.jpg,14
8561.jpg,14
8562.jpg,14
8563.jpg,14
8564.jpg,14
8565.jpg,14
8566.jpg,14
8567.jpg,14
8568.jpg,14
8569.jpg,14
8570.jpg,14
8571.jpg,14
8572.jpg,14
8573.jpg,14
8574.jpg,14
8575.jpg,14
8576.jpg,14
8577.jpg,14
8578.jpg,14
8579.jpg,14
8580.jpg,14
8581.jpg,14
8582.jpg,14
8583.jpg,14
8584.jpg,14
8585.jpg,14
8586.jpg,14
8587.jpg,14
8588.jpg,14
8589.jpg,14
8590.jpg,14
8591.jpg,14
8592.jpg,14
8593.jpg,14
8594.jpg,14
8595.jpg,14
8596.jpg,14
8597.jpg,14
8598.jpg,14
8599.jpg,14
8600.jpg,14
8601.jpg,14
8602.jpg,14
8603.jpg,14
8604.jpg,14
8605.jpg,14
8606.jpg,14
8607.jpg,14
8608.jpg,14
8609.jpg,14
8610.jpg,14
8611.jpg,14
8612.jpg,14
8613.jpg,14
8614.jpg,14
8615.jpg,14
8616.jpg,14
8617.jpg,14
8618.jpg,14
8619.jpg,14
8620.jpg,14
8621.jpg,14
8622.jpg,14
8623.jpg,14
8624.jpg,14
8625.jpg,14
8626.jpg,14
8627.jpg,14
8628.jpg,14
8629.jpg,14
8630.jpg,14
8631.jpg,14
8632.jpg,14
8633.jpg,14
8634.jpg,14
8635.jpg,14
8636.jpg,14
8637.jpg,14
8638.jpg,14
8639.jpg,14
8640.jpg,14
8641.jpg,14
8642.jpg,14
8643.jpg,14
8644.jpg,14
8645.jpg,14
8646.jpg,14
8647.jpg,14
8648.jpg,14
8649.jpg,14
8650.jpg,14
8651.jpg,14
8652.jpg,14
8653.jpg,14
8654.jpg,14
8655.jpg,14
8656.jpg,14
8657.jpg,14
8658.jpg,14
8659.jpg,14
8660.jpg,14
8661.jpg,14
8662.jpg,14
8663.jpg,14
8664.jpg,14
8665.jpg,14
8666.jpg,14
8667.jpg,14
8668.jpg,14
8669.jpg,14
8670.jpg,14
8671.jpg,14
8672.jpg,14
8673.jpg,14
8674.jpg,14
8675.jpg,14
8676.jpg,14
8677.jpg,14
8678.jpg,14
8679.jpg,14
8680.jpg,14
8681.jpg,14
8682.jpg,14
8683.jpg,14
8684.jpg,14
8685.jpg,14
8686.jpg,14
8687.jpg,14
8688.jpg,14
8689.jpg,14
8690.jpg,14
8691.jpg,14
8692.jpg,14
8693.jpg,14
8694.jpg,14
8695.jpg,14
8696.jpg,14
8697.jpg,14
8698.jpg,14
8699.jpg,14
8700.jpg,14
8701.jpg,14
8702.jpg,14
8703.jpg,14
8704.jpg,14
8705.jpg,14
8706.jpg,14
8707.jpg,14
8708.jpg,14
8709.jpg,14
8710.jpg,14
8711.jpg,14
8712.jpg,14
8713.jpg,14
8714.jpg,14
8715.jpg,14
8716.jpg,14
8717.jpg,14
8718.jpg,14
8719.jpg,14
8720.jpg,14
8721.jpg,14
8722.jpg,14
8723.jpg,14
8724.jpg,14
8725.jpg,14
8726.jpg,14
8727.jpg,14
8728.jpg,14
8729.jpg,14
8730.jpg,14
8731.jpg,14
8732.jpg,14
8733.jpg,14
8734.jpg,14
8735.jpg,14
8736.jpg,14
8737.jpg,14
8738.jpg,14
8739.jpg,14
8740.jpg,14
8741.jpg,14
8742.jpg,14
8743.jpg,14
8744.jpg,14
